id,name,team,position,price,status,chance_of_playing,news,news_added,minutes,total_points,form,xG,xA,ict_index,defensive_contribution,selected_by_percent,penalties_order,direct_freekicks_order,corners_and_indirect_freekicks_order,starts,clean_sheets,goals_conceded,xGC,saves,cost_change_start
1,Raya,ARS,GKP,6.0,a,,,,3330,162,0.0,0.0,0.07,57.5,0.0,37.2,,,,37,19,26,27.56,60,0
2,Arrizabalaga,ARS,GKP,5.0,a,,,,90,2,0.0,0.0,0.0,2.0,0.0,0.1,,,,1,0,1,0.98,2,0
3,Meslier,ARS,GKP,5.0,a,,,,0,0,0.0,0.0,0.0,0.0,0.0,0.0,,,,0,0,0,0.0,0,0
4,Gabriel,ARS,DEF,8.0,a,,,,2750,209,0.0,2.94,1.75,125.0,277.0,29.7,,,,30,18,20,22.01,0,0
5,J.Timber,ARS,DEF,6.5,i,0,Groin injury - Unknown return date,2026-07-23T12:01:23.272929+00:00,2452,149,0.0,4.71,1.53,125.7,148.0,0.1,,,,28,13,20,17.45,0,0
6,Saliba,ARS,DEF,6.0,i,0,Back injury - Unknown return date,2026-07-23T12:01:23.289376+00:00,2614,137,0.0,0.88,1.21,84.3,193.0,0.3,,,,30,15,20,20.41,0,0
7,Lewis-Skelly,ARS,MID,5.5,a,,,,697,29,0.0,0.1,0.2,17.6,25.0,0.6,,,,5,2,8,9.01,0,0
8,Calafiori,ARS,DEF,5.5,a,,,,1697,109,0.0,3.36,0.76,77.9,102.0,37.0,,,,22,13,8,9.72,0,0
9,Hincapie,ARS,DEF,5.5,a,,,,1787,87,0.0,0.36,1.67,70.9,171.0,2.0,,,,20,5,19,17.53,0,0
10,White,ARS,DEF,5.5,a,100,,2026-07-23T12:01:23.305229+00:00,699,45,0.0,0.45,0.69,34.3,53.0,4.0,,,,9,5,6,8.68,0,0
11,Mosquera,ARS,DEF,5.5,a,,,,986,40,0.0,0.1,0.63,32.9,95.0,7.2,,,,9,3,8,9.04,0,0
12,Saka,ARS,MID,9.5,a,,,,2218,157,0.0,7.57,7.16,230.6,184.0,9.2,1,2,2,25,12,16,15.57,0,0
13,Rice,ARS,MID,7.5,a,,,,3093,184,0.0,3.15,7.32,215.4,376.0,18.4,,1,1,35,18,25,23.87,0,0
14,Eze,ARS,MID,6.5,a,,,,1885,113,0.0,5.18,2.66,115.1,120.0,2.2,,3,,22,11,14,14.21,0,0
15,Ødegaard,ARS,MID,6.5,a,,,,1363,74,0.0,1.25,3.65,104.4,102.0,7.6,3,,4,16,6,13,16.2,0,0
16,Madueke,ARS,MID,6.5,a,,,,1205,72,0.0,1.23,2.86,101.3,70.0,0.3,,,6,16,8,9,12.77,0,0
17,Merino,ARS,MID,6.0,a,,,,1024,67,0.0,3.36,1.45,73.6,113.0,0.7,,,,10,4,10,7.36,0,0
18,Martinelli,ARS,MID,6.5,a,,,,1065,57,0.0,4.12,1.27,79.0,77.0,0.2,,,,11,2,8,10.51,0,0
19,Zubimendi,ARS,MID,5.5,a,,,,2991,133,0.0,2.84,2.27,126.2,307.0,1.2,,,,34,16,25,26.09,0,0
20,Dowman,ARS,MID,5.5,a,,,,152,16,0.0,1.19,0.3,16.6,16.0,0.1,,,,1,1,1,0.88,0,0
21,Nørgaard,EVE,MID,5.0,i,0,Unspecified injury - Unknown return date,2026-08-15T20:00:06.779594+00:00,101,7,0.0,0.08,0.04,4.0,16.0,0.2,,,,1,0,1,2.28,0,0
22,Nwaneri,ARS,MID,5.5,a,,,,165,8,0.0,0.23,0.08,5.4,13.0,0.0,,,,0,1,0,0.73,0,0
23,Fábio Vieira,ARS,MID,5.5,a,,,,0,0,0.0,0.0,0.0,0.0,0.0,0.0,,,,0,0,0,0.0,0,0
24,Nelson,ARS,MID,5.5,a,,,,118,13,0.0,0.71,0.11,10.0,23.0,0.0,,,,0,0,2,3.02,0,0
25,Gyökeres,ARS,FWD,7.5,a,,,,2217,128,0.0,12.26,1.94,157.5,85.0,9.5,2,,,26,12,14,17.81,0,0
26,Havertz,ARS,FWD,7.5,a,,,,577,36,0.0,3.31,0.64,49.9,32.0,5.0,,,,7,4,4,6.68,0,0
27,G.Jesus,ARS,FWD,6.0,a,,,,418,24,0.0,2.71,0.26,47.5,30.0,0.4,,,,3,1,6,3.97,0,0
28,Martinez,AVL,GKP,5.0,a,,,,2835,120,0.0,0.0,0.08,79.2,0.0,4.4,,,,32,7,39,42.92,95,0
29,M.Bizot,AVL,GKP,4.5,a,,,,585,16,0.0,0.0,0.0,13.9,0.0,0.1,,,,6,1,10,11.02,19,0
30,Digne,AVL,DEF,4.5,u,0,Has joined Paris Saint-Germain permanently,2026-08-10T14:03:30.089007+00:00,1842,97,0.0,0.67,3.28,98.5,113.0,0.2,,,,21,7,23,27.79,0,0
31,Konsa,AVL,DEF,4.5,a,,,,3035,100,0.0,1.27,0.59,84.0,196.0,14.6,,,,34,9,44,48.93,0,0
32,Cash,AVL,DEF,4.5,a,,,,3016,117,0.0,1.14,2.94,137.5,186.0,8.5,,,1,34,8,38,45.45,0,0
33,Mings,AVL,DEF,4.5,a,,,,1322,50,0.0,1.3,0.42,46.8,107.0,0.3,,,,15,3,23,23.37,0,0
34,Pau,AVL,DEF,4.5,a,,,,1673,64,0.0,1.33,0.39,45.1,112.0,0.4,,,,18,5,19,22.81,0,0
35,Bogarde,AVL,MID,5.0,a,,,,1042,40,0.0,0.0,0.2,20.6,60.0,0.1,,,,11,2,17,15.38,0,0
36,Maatsen,AVL,DEF,4.5,a,,,,1590,54,0.0,1.26,2.39,94.3,128.0,0.8,,,,17,2,27,26.64,0,0
37,Lindelöf,AVL,DEF,4.5,a,,,,942,29,0.0,0.28,0.1,22.7,54.0,0.3,,,,11,1,15,15.93,0,0
38,A.García,AVL,DEF,4.0,a,,,,83,5,0.0,0.0,0.01,2.3,10.0,1.7,,,,1,0,3,2.74,0,0
39,Nedeljkovic,AVL,DEF,4.0,u,0,Has joined Rangers on loan for the rest of the season,2026-08-19T13:56:46.385411+00:00,0,0,0.0,0.0,0.0,0.0,0.0,0.4,,,,0,0,0,0.0,0,0
40,Rogers,CHE,MID,7.5,a,,,,3280,169,0.0,6.84,4.32,232.0,230.0,24.9,,,4,37,9,48,51.55,0,0
41,Buendía,AVL,MID,6.0,a,,,,1753,102,0.0,3.38,2.23,121.4,197.0,1.4,1,1,,21,3,24,28.03,0,0
42,Guessand,CRY,MID,5.5,a,,,,909,44,0.0,1.56,0.85,42.0,83.0,0.0,,,,9,2,15,14.48,0,0
43,Tielemans,MUN,MID,6.0,a,100,,2026-07-23T12:01:23.321726+00:00,1857,68,0.0,1.14,3.26,113.1,203.0,2.5,3,,,21,4,27,31.34,0,0
44,Bailey,AVL,MID,5.5,a,,,,450,21,0.0,0.5,1.46,30.1,48.0,0.1,,,,3,0,9,7.03,0,0
45,McGinn,AVL,MID,5.5,a,,,,2136,103,0.0,3.0,4.11,137.3,150.0,3.3,,,2,28,8,28,33.08,0,0
46,Barkley,AVL,MID,5.0,a,,,,844,56,0.0,1.58,1.26,58.1,74.0,0.2,,,,7,1,15,13.2,0,0
47,Kamara,AVL,MID,5.0,a,100,,2026-07-23T12:01:23.337269+00:00,1410,61,0.0,0.53,0.84,64.2,149.0,0.3,,,,17,5,15,20.8,0,0
48,Onana,AVL,MID,5.0,i,0,Knee injury - Unknown return date,2026-07-23T12:01:23.352497+00:00,1755,76,0.0,1.68,0.69,74.4,219.0,0.0,,,,21,6,26,28.53,0,0
49,Iling Jr,AVL,MID,5.0,u,0,Has joined Bolton Wanderers on loan for the rest of the season,2026-08-17T13:52:28.532616+00:00,0,0,0.0,0.0,0.0,0.0,0.0,0.0,,,,0,0,0,0.0,0,0
50,Burrowes,AVL,MID,4.5,a,,,,16,1,0.0,0.0,0.0,0.0,1.0,0.7,,,,0,0,1,0.9,0,0
51,George Hemmings,AVL,MID,4.5,a,,,,25,2,0.0,0.04,0.01,0.3,1.0,0.7,,,,0,0,0,0.61,0,0
52,Alysson,AVL,MID,5.0,a,,,,47,3,0.0,0.05,0.05,1.5,4.0,0.0,,,,0,0,2,1.87,0,0
53,Manzambi,AVL,MID,6.0,i,0,Knee injury - Unknown return date,2026-08-15T15:30:06.388335+00:00,0,0,0.0,0.0,0.0,0.0,0.0,0.4,,,,0,0,0,0.0,0,0
54,Gomes,AVL,MID,5.5,i,0,Calf injury - Unknown return date,2026-08-15T16:00:07.546807+00:00,2207,85,0.0,1.15,1.34,102.0,387.0,0.1,,,,25,4,41,48.6,0,0
55,Watkins,AVL,FWD,8.0,a,,,,2833,167,0.0,15.4,1.18,225.2,94.0,10.6,2,,,33,9,38,43.39,0,0
56,Abraham,AVL,FWD,5.5,d,75,Knock - 75% chance of playing,2026-08-15T16:00:07.558543+00:00,278,23,0.0,2.05,0.36,27.1,13.0,0.1,,,,2,0,8,5.12,0,0
57,Petrović,BOU,GKP,4.5,a,,,,3420,124,0.0,0.0,0.0,82.4,0.0,3.3,,,,38,11,54,56.72,109,0
58,Forster,BOU,GKP,4.0,a,,,,0,0,0.0,0.0,0.0,0.0,0.0,3.2,,,,0,0,0,0.0,0,0
59,Dennis,BOU,GKP,4.0,a,,,,0,0,0.0,0.0,0.0,0.0,0.0,0.2,,,,0,0,0,0.0,0,0
60,Hill,BOU,DEF,5.5,a,,,,2102,110,0.0,0.89,1.16,86.3,260.0,0.9,,,,22,8,24,33.42,0,0
61,Truffert,BOU,DEF,5.5,a,,,,3378,165,0.0,1.35,3.07,162.6,301.0,4.5,,,,38,11,51,54.42,0,0
62,Diakité,BOU,DEF,5.0,a,,,,1275,46,0.0,0.02,0.19,34.4,117.0,0.2,,,,15,4,27,22.47,0,0
63,Milosavljević,BOU,DEF,5.0,i,0,Unspecified injury - Unknown return date,2026-08-06T10:00:10.456051+00:00,367,19,0.0,0.15,0.19,12.2,39.0,0.0,,,,4,1,6,4.42,0,0
64,Smith,BOU,DEF,4.5,a,,,,1073,58,0.0,0.0,0.23,27.1,70.0,0.1,,,,14,6,16,18.18,0,0
65,J.Araujo,BOU,DEF,4.5,i,0,Thigh injury - Unknown return date,2026-08-09T08:00:05.645826+00:00,0,0,0.0,0.0,0.0,0.0,0.0,0.0,,,,0,0,0,0.0,0,0
66,Soler,BOU,DEF,4.0,d,75,Hamstring injury - 75% chance of playing,2026-08-15T16:30:07.021055+00:00,34,3,0.0,0.0,0.0,0.6,1.0,0.2,,,,0,0,2,1.62,0,0
67,Rayan,BOU,MID,6.5,a,,,,1110,67,0.0,2.67,1.84,75.3,82.0,2.8,,,,13,6,10,19.14,0,0
68,Tavernier,BOU,MID,6.0,a,,,,2732,137,0.0,9.06,4.6,207.9,251.0,1.6,3,1,1,31,11,44,41.06,0,0
69,Scott,BOU,MID,6.0,a,,,,2848,136,0.0,3.8,2.94,139.0,386.0,1.5,,4,2,34,11,41,47.02,0,0
70,Kluivert,BOU,MID,6.0,a,,,,945,41,0.0,2.31,1.55,58.8,65.0,1.1,2,2,3,10,4,19,17.96,0,0
71,Cook,BOU,MID,5.0,a,,,,872,40,0.0,0.07,0.52,40.6,143.0,0.1,,,5,8,1,19,14.0,0,0
72,Gannon-Doak,BOU,MID,5.0,a,,,,105,11,0.0,0.26,0.13,8.9,13.0,0.1,,,,0,0,1,4.74,0,0
73,Adams,BOU,MID,5.0,d,75,Unspecified injury - 75% chance of playing,2026-08-15T16:30:07.029928+00:00,1769,77,0.0,0.63,0.63,66.3,232.0,0.2,,,,21,7,28,27.18,0,0
74,Brooks,BOU,MID,5.0,d,75,Unspecified injury - 75% chance of playing,2026-08-15T16:30:07.037929+00:00,1188,59,0.0,5.81,3.4,104.1,94.0,0.1,,3,4,13,5,20,20.25,0,0
75,Christie,BOU,MID,5.0,s,0,Suspended until 29 Aug,2026-07-24T17:30:10.035483+00:00,978,47,0.0,1.81,0.79,64.7,123.0,0.0,,,6,9,3,14,19.14,0,0
76,Tóth.A,BOU,MID,5.0,a,,,,135,8,0.0,0.11,0.33,9.6,17.0,0.0,,,,2,0,3,4.9,0,0
77,Adli,BOU,MID,5.0,i,0,Unspecified injury - Unknown return date,2026-08-15T16:00:07.590566+00:00,1074,67,0.0,2.6,1.62,76.1,123.0,0.0,,,,10,3,17,18.22,0,0
78,Kroupi.Jr,BOU,MID,7.5,i,0,Foot injury - Unknown return date,2026-07-29T17:30:09.796802+00:00,1663,113,0.0,8.31,1.51,139.9,112.0,0.6,1,,,21,10,21,25.91,0,0
79,Evanilson,BOU,FWD,6.0,a,,,,2741,115,0.0,10.64,1.48,155.5,135.0,2.2,,,,32,11,40,39.02,0,0
80,Enes Ünal,BOU,FWD,5.5,u,0,Has joined Getafe permanently,2026-08-14T14:14:21.881112+00:00,214,27,0.0,2.0,0.07,19.1,23.0,0.0,,,,0,0,3,6.16,0,0
81,Rodríguez,BOU,FWD,6.0,d,75,Unspecified injury - 75% chance of playing,2026-08-15T16:30:07.054142+00:00,0,0,0.0,0.0,0.0,0.0,0.0,0.1,,,,0,0,0,0.0,0,0
82,Kelleher,BRE,GKP,5.0,a,,,,3330,143,0.0,0.0,0.22,93.8,0.0,5.8,,,,37,10,49,53.48,109,0
83,Valdimarsson,BRE,GKP,4.5,a,,,,90,1,0.0,0.0,0.0,1.3,0.0,0.1,,,,1,0,3,0.97,1,0
84,Collins,BRE,DEF,5.5,a,,,,2971,129,0.0,2.24,1.71,131.9,319.0,1.8,,,,32,9,44,47.52,0,0
85,Van den Berg,BRE,DEF,5.0,i,0,Unspecified injury - Unknown return date,2026-08-15T15:30:06.416627+00:00,2761,113,0.0,3.36,1.45,106.3,272.0,0.2,,,,30,8,41,41.59,0,0
86,Lewis-Potter,BRE,MID,5.5,a,,,,1960,115,0.0,3.01,2.51,106.4,74.0,0.4,,1,,22,9,32,33.74,0,0
87,Ajer,BRE,DEF,4.5,a,,,,1805,76,0.0,0.69,0.73,62.7,192.0,3.0,,,,20,5,32,31.51,0,0
88,Kayode,BRE,DEF,4.5,a,,,,3258,113,0.0,1.28,2.89,121.7,219.0,3.2,,,,37,10,49,52.65,0,0
89,Henry,BRE,DEF,4.5,a,,,,1322,52,0.0,0.18,0.54,26.9,68.0,0.3,,,,14,4,22,23.91,0,0
90,Hickey,BRE,DEF,4.5,a,,,,679,37,0.0,0.44,0.17,16.0,51.0,0.1,,,,8,2,9,9.03,0,0
91,Pinnock,BRE,DEF,4.5,a,,,,318,14,0.0,0.01,0.06,12.3,42.0,0.1,,,,4,1,5,3.7,0,0
92,Ji-soo,BRE,DEF,4.5,a,,,,0,0,0.0,0.0,0.0,0.0,0.0,0.0,,,,0,0,0,0.0,0,0
93,Schuster,BRE,DEF,4.5,a,,,,0,0,0.0,0.0,0.0,0.0,0.0,0.2,,,,0,0,0,0.0,0,0
94,Schade,BRE,MID,6.0,a,,,,2744,125,0.0,12.08,2.05,172.8,190.0,3.6,2,,,32,11,34,40.05,0,0
95,O.Dango,BRE,MID,6.5,a,,,,2271,136,0.0,7.94,4.12,162.8,185.0,1.2,,,2,25,6,35,34.75,0,0
96,Damsgaard,BRE,MID,5.5,a,,,,2046,113,0.0,2.61,5.43,155.0,241.0,0.6,,3,3,24,5,32,31.55,0,0
97,Jensen,BRE,MID,5.5,a,,,,2239,98,0.0,2.21,6.06,126.9,220.0,0.2,3,2,1,26,9,33,35.72,0,0
98,Janelt,BRE,MID,5.0,a,,,,1434,74,0.0,0.82,2.27,79.0,183.0,0.1,,,4,15,5,21,26.62,0,0
99,Milambo,BRE,MID,5.0,i,0,Knee injury - Unknown return date,2026-07-23T12:01:23.384798+00:00,45,1,0.0,0.0,0.01,0.6,4.0,0.0,,,,1,0,3,1.49,0,0
100,Carvalho,BRE,MID,5.0,d,75,Lack of match fitness - 75% chance of playing,2026-08-18T13:58:17.442072+00:00,100,13,0.0,0.7,0.03,8.1,8.0,0.0,,,,1,0,4,2.08,0,0
101,Henderson,CHE,MID,5.0,d,75,Wrist injury - 75% chance of playing,2026-08-09T09:30:07.136250+00:00,1911,76,0.0,0.33,2.31,74.4,183.0,0.0,,,,22,6,28,28.16,0,0
102,Yarmoliuk,BRE,MID,5.0,a,,,,2652,104,0.0,1.22,1.39,83.4,338.0,1.4,,,,30,8,42,40.31,0,0
103,Dasilva,BRE,MID,5.0,a,,,,2,2,0.0,0.08,0.0,1.6,1.0,0.0,,,,0,0,0,0.05,0,0
104,Onyeka,COV,MID,5.0,a,,,,88,12,0.0,0.0,0.36,4.6,10.0,0.1,,,,0,0,2,2.02,0,0
105,Anthony,BRE,MID,6.0,a,,,,0,0,0.0,0.0,0.0,0.0,232.0,0.2,,,,0,0,0,0.0,0,0
106,Thiago,BRE,FWD,8.0,a,,,,3282,181,0.0,20.6,1.83,256.9,214.0,17.2,1,,,37,10,50,53.17,0,0
107,Furo,BRE,FWD,4.5,a,,,,1,1,0.0,0.0,0.0,0.0,0.0,0.9,,,,0,0,0,0.02,0,0
108,Wilson,BRE,FWD,5.5,a,,,,0,0,0.0,0.0,0.0,0.0,41.0,0.3,,,,0,0,0,0.0,0,0
109,Verbruggen,BHA,GKP,4.5,a,,,,3420,130,0.0,0.0,0.06,94.7,0.0,21.4,,,,38,10,46,49.06,106,0
110,Rushworth,COV,GKP,4.5,a,,,,0,0,0.0,0.0,0.0,0.0,0.0,1.1,,,,0,0,0,0.0,0,0
111,Steele,BHA,GKP,4.0,a,,,,0,0,0.0,0.0,0.0,0.0,0.0,4.2,,,,0,0,0,0.0,0,0
112,Van Hecke,TOT,DEF,5.0,a,,,,3210,148,0.0,3.31,1.57,152.0,317.0,9.6,,,,36,10,44,46.27,0,0
113,F.Kadıoğlu,BHA,DEF,4.5,a,,,,3130,118,0.0,2.06,3.31,123.7,170.0,3.0,,,3,34,10,41,44.61,0,0
114,Boscagli,BHA,DEF,4.5,a,,,,799,39,0.0,0.05,0.47,31.1,78.0,0.2,,,,9,3,10,10.87,0,0
115,De Cuyper,BHA,DEF,4.5,a,,,,1404,84,0.0,1.66,4.08,99.9,64.0,1.7,,4,2,17,5,23,24.09,0,0
116,Dunk,BHA,DEF,4.5,a,,,,2837,100,0.0,1.83,0.56,98.7,231.0,1.0,,3,,31,7,40,41.9,0,0
117,Coppola,BHA,DEF,4.5,a,,,,193,10,0.0,0.0,0.01,4.8,18.0,0.0,,,,2,1,3,4.52,0,0
118,Igor,BHA,DEF,4.5,a,,,,103,6,0.0,0.0,0.0,3.6,13.0,0.1,,,,1,0,3,4.66,0,0
119,Costinha,BHA,DEF,4.5,a,,,,0,0,0.0,0.0,0.0,0.0,0.0,0.0,,,,0,0,0,0.0,0,0
120,Svoboda,BHA,DEF,5.0,a,,,,0,0,0.0,0.0,0.0,0.0,0.0,0.0,,,,0,0,0,0.0,0,0
121,Mitoma,BHA,MID,6.0,i,0,Hamstring injury - Unknown return date,2026-07-24T18:30:10.661894+00:00,1714,62,0.0,4.04,2.74,112.3,107.0,0.1,,,,19,5,20,23.76,0,0
122,Minteh,BHA,MID,6.0,i,0,Leg injury - Expected back 28 Nov,2026-08-14T18:00:06.418033+00:00,2389,117,0.0,3.81,5.06,180.3,185.0,0.1,,,5,26,11,33,34.09,0,0
123,Hinshelwood,BHA,MID,6.0,a,,,,1736,91,0.0,4.94,2.34,94.8,114.0,0.4,,,,20,7,23,27.83,0,0
124,Groß,BHA,MID,5.5,a,,,,1636,78,0.0,1.39,3.95,128.5,145.0,14.4,1,1,1,18,6,17,20.36,0,0
125,Georginio,BHA,FWD,5.5,a,,,,1776,87,0.0,2.9,2.9,113.5,131.0,0.9,,,,20,7,20,21.59,0,0
126,O'Riley,BHA,MID,5.5,a,,,,202,16,0.0,1.21,0.18,19.6,10.0,0.1,2,,,2,1,3,2.53,0,0
127,Gomez,BHA,MID,5.0,a,,,,2117,97,0.0,6.24,1.72,119.0,238.0,3.5,,5,,26,8,29,29.35,0,0
128,Buonanotte,BHA,MID,5.0,u,0,Has joined Elche on loan for the rest of the season,2026-08-10T14:03:07.561436+00:00,81,3,0.0,0.06,0.28,7.4,6.0,0.0,,,,1,0,4,2.51,0,0
129,Ayari,BHA,MID,5.5,a,,,,1921,98,0.0,2.7,1.15,84.5,225.0,0.7,,2,4,20,6,24,26.85,0,0
130,Wieffer,BHA,DEF,5.0,a,,,,1901,94,0.0,1.92,1.86,97.7,269.0,0.3,,,,23,6,26,23.95,0,0
131,Baleba,BHA,MID,5.0,i,0,Ankle injury - Expected back 23 Aug,2026-08-06T16:00:10.997714+00:00,1646,56,0.0,0.78,0.72,36.8,209.0,0.2,,,,23,7,19,20.4,0,0
132,Howell,BHA,MID,4.5,u,0,Has joined Leicester City on loan for the rest of the season,2026-08-17T13:53:19.019938+00:00,92,4,0.0,0.0,0.03,1.8,7.0,0.1,,,,1,0,2,1.04,0,0
133,Watson,BHA,MID,5.0,u,0,Has joined Leicester City on loan for the rest of the season,2026-08-03T14:05:44.459483+00:00,57,5,0.0,0.04,0.03,1.6,5.0,0.0,,,,0,0,2,1.72,0,0
134,Oriola,BHA,MID,4.5,a,,,,1,1,0.0,0.0,0.0,0.0,0.0,0.3,,,,0,0,0,0.0,0,0
135,Yohanna,BHA,MID,5.0,a,,,,0,0,0.0,0.0,0.0,0.0,0.0,0.1,,,,0,0,0,0.0,0,0
136,Welbeck,CHE,FWD,6.0,d,75,Unspecified injury - 75% chance of playing,2026-08-20T14:00:07.949090+00:00,2249,126,0.0,12.36,1.4,168.2,112.0,1.5,,,,26,10,28,31.68,0,0
137,Tzimas,BHA,FWD,5.5,i,0,Knee injury - Unknown return date,2026-07-23T12:01:23.432796+00:00,132,16,0.0,0.44,0.11,17.7,15.0,0.0,,,,1,0,2,2.59,0,0
138,Kostoulas,BHA,FWD,5.5,a,,,,351,35,0.0,2.12,0.54,52.4,41.0,0.2,,,,2,1,9,6.04,0,0
139,Ferguson,BHA,FWD,5.0,i,0,Ankle injury - Expected back 10 Oct,2026-07-23T12:01:23.448357+00:00,0,0,0.0,0.0,0.0,0.0,0.0,0.0,,,,0,0,0,0.0,0,0
140,Sánchez,CHE,GKP,5.0,a,,,,3040,113,0.0,0.0,0.04,86.7,0.0,2.3,,,,35,9,49,48.64,98,0
141,Jörgensen,CHE,GKP,5.0,u,0,Has joined RC Strasbourg on loan for the rest of the season,2026-08-12T14:07:02.607115+00:00,378,9,0.0,0.0,0.0,7.9,0.0,0.0,,,,3,0,5,4.12,8,0
142,James,CHE,DEF,5.5,a,,,,1957,115,0.0,1.04,3.2,106.1,128.0,9.4,,1,1,20,8,20,28.75,0,0
143,Chalobah,CHE,DEF,5.5,u,0,Has joined Como permanently,2026-08-10T14:03:50.769483+00:00,2780,136,0.0,1.44,1.03,99.1,265.0,0.3,,,,31,9,40,40.83,0,0
144,Gusto,CHE,DEF,5.0,a,,,,2255,96,0.0,1.56,2.97,109.8,126.0,1.1,,,,26,7,36,37.13,0,0
145,Fofana,CHE,DEF,5.0,s,0,Suspended until 6 Sep,2026-07-23T12:01:23.464591+00:00,1718,65,0.0,0.72,0.6,60.4,206.0,0.0,,,,20,4,25,25.81,0,0
146,B.Badiashile,CHE,DEF,4.5,a,,,,470,7,0.0,0.0,0.06,11.4,48.0,0.0,,,,6,0,10,7.41,0,0
147,Tosin,CHE,DEF,4.5,a,,,,788,34,0.0,0.11,0.4,29.3,97.0,0.2,,,,8,2,14,13.25,0,0
148,Hato,CHE,DEF,4.5,a,,,,1139,19,0.0,0.3,0.61,38.4,99.0,0.5,,,,12,0,27,18.5,0,0
149,Colwill,CHE,DEF,5.0,a,,,,225,8,0.0,0.0,0.12,8.0,25.0,1.6,,,,2,0,4,3.36,0,0
150,M.Sarr,CHE,DEF,4.5,a,,,,100,3,0.0,0.35,0.0,1.3,8.0,0.1,,,,1,0,3,1.63,0,0
151,Acheampong,CHE,DEF,4.5,a,,,,657,39,0.0,0.62,0.13,24.4,44.0,0.3,,,,8,2,13,15.66,0,0
152,Palestra,CHE,DEF,5.5,a,,,,0,0,0.0,0.0,0.0,0.0,0.0,2.9,,,,0,0,0,0.0,0,0
153,Disasi,CHE,DEF,4.5,a,,,,0,0,0.0,0.0,0.0,0.0,88.0,0.1,,,,0,0,0,0.0,0,0
154,Palmer,CHE,MID,9.5,a,,,,1954,114,0.0,10.55,2.49,147.7,135.0,10.4,1,3,,24,3,33,31.13,0,0
155,Enzo,CHE,MID,7.0,a,,,,3114,157,0.0,11.26,7.26,264.6,244.0,5.0,2,2,3,35,8,46,44.89,0,0
156,Neto,CHE,MID,6.5,a,,,,2629,125,0.0,4.59,6.84,186.7,122.0,1.3,,4,2,30,11,33,37.54,0,0
157,Estêvão,CHE,MID,6.5,a,,,,839,58,0.0,2.91,2.14,72.6,56.0,1.3,3,,5,12,4,11,10.29,0,0
158,Gittens,CHE,MID,6.0,a,,,,486,25,0.0,0.81,0.94,31.3,29.0,0.0,,,,5,1,7,8.89,0,0
159,Caicedo,CHE,MID,5.5,a,,,,2796,110,0.0,1.45,2.38,109.2,366.0,3.9,,,,32,6,47,42.54,0,0
160,Garnacho,AVL,MID,6.0,a,,,,1261,56,0.0,3.44,3.68,100.5,71.0,0.6,,,,14,4,20,20.52,0,0
161,Lavia,CHE,MID,5.0,a,,,,374,13,0.0,0.21,0.55,9.5,37.0,0.1,,,,4,0,10,8.53,0,0
162,Andrey Santos,MUN,MID,5.0,a,,,,1247,47,0.0,2.0,0.88,47.5,129.0,1.1,,,,13,1,18,18.91,0,0
163,D.Essugo,CHE,MID,4.5,a,,,,26,1,0.0,0.0,0.01,1.6,8.0,0.2,,,,0,0,1,0.55,0,0
164,Quenda,CHE,MID,5.5,a,100,,2026-07-24T20:30:10.609931+00:00,0,0,0.0,0.0,0.0,0.0,0.0,0.0,,,,0,0,0,0.0,0,0
165,João Pedro,CHE,FWD,7.5,a,,,,2658,177,0.0,14.91,1.96,212.1,138.0,63.9,,,,31,10,36,37.25,0,0
166,N.Jackson,CHE,FWD,6.5,a,,,,0,0,0.0,0.0,0.0,0.0,0.0,0.3,,,,0,0,0,0.0,0,0
167,Delap,CHE,FWD,5.5,a,,,,1092,45,0.0,4.54,0.23,47.3,42.0,0.5,4,,,12,2,18,16.67,0,0
168,Marc Guiu,CHE,FWD,5.0,a,,,,265,13,0.0,1.54,0.29,13.1,8.0,0.5,,,,1,0,3,5.89,0,0
169,Mheuka,CHE,FWD,4.5,a,,,,1,1,0.0,0.0,0.0,0.2,1.0,0.3,,,,0,0,0,0.05,0,0
170,Emegha,CHE,FWD,5.0,a,100,,2026-07-24T20:30:10.622380+00:00,0,0,0.0,0.0,0.0,0.0,0.0,0.1,,,,0,0,0,0.0,0,0
171,Dovin,COV,GKP,4.0,a,,,,0,0,0.0,0.0,0.0,0.0,0.0,1.7,,,,0,0,0,0.0,0,0
172,Wilson,COV,GKP,4.5,a,,,,0,0,0.0,0.0,0.0,0.0,0.0,0.5,,,,0,0,0,0.0,0,0
173,Thomas,COV,DEF,4.0,a,,,,0,0,0.0,0.0,0.0,0.0,0.0,8.0,,,,0,0,0,0.0,0,0
174,Kitching,COV,DEF,4.0,a,,,,0,0,0.0,0.0,0.0,0.0,0.0,0.7,,,,0,0,0,0.0,0,0
175,van Ewijk,COV,DEF,4.0,a,,,,0,0,0.0,0.0,0.0,0.0,0.0,14.1,,,,0,0,0,0.0,0,0
176,Dasilva,COV,DEF,4.0,a,,,,0,0,0.0,0.0,0.0,0.0,0.0,0.8,,,,0,0,0,0.0,0,0
177,Kesler-Hayden,COV,DEF,4.0,a,,,,0,0,0.0,0.0,0.0,0.0,0.0,0.1,,,,0,0,0,0.0,0,0
178,Bidwell,COV,DEF,4.0,a,,,,0,0,0.0,0.0,0.0,0.0,0.0,0.1,,,,0,0,0,0.0,0,0
179,Latibeaudiere,COV,DEF,4.0,a,,,,0,0,0.0,0.0,0.0,0.0,0.0,0.0,,,,0,0,0,0.0,0,0
180,Woolfenden,COV,DEF,4.0,a,,,,0,0,0.0,0.0,0.0,0.0,0.0,0.2,,,,0,0,0,0.0,0,0
181,Brau,COV,DEF,4.0,a,,,,0,0,0.0,0.0,0.0,0.0,0.0,0.0,,,,0,0,0,0.0,0,0
182,Amenda,COV,DEF,4.0,a,,,,0,0,0.0,0.0,0.0,0.0,0.0,0.8,,,,0,0,0,0.0,0,0
183,Rudoni,COV,MID,5.0,a,100,,2026-07-23T12:01:23.481435+00:00,0,0,0.0,0.0,0.0,0.0,0.0,0.1,,1,3,0,0,0,0.0,0,0
184,Grimes,COV,MID,5.0,a,,,,0,0,0.0,0.0,0.0,0.0,0.0,0.2,3,,1,0,0,0,0.0,0,0
185,Sakamoto,COV,MID,5.0,a,,,,0,0,0.0,0.0,0.0,0.0,0.0,0.1,,,,0,0,0,0.0,0,0
186,Mason-Clark,COV,MID,5.5,a,100,,2026-08-19T18:00:08.310507+00:00,0,0,0.0,0.0,0.0,0.0,0.0,0.1,,,,0,0,0,0.0,0,0
187,Eccles,COV,MID,5.0,a,,,,0,0,0.0,0.0,0.0,0.0,0.0,0.0,,,,0,0,0,0.0,0,0
188,Torp,COV,MID,5.5,a,,,,0,0,0.0,0.0,0.0,0.0,0.0,0.2,2,2,2,0,0,0,0.0,0,0
189,Shepherd,COV,MID,4.5,a,,,,0,0,0.0,0.0,0.0,0.0,0.0,0.3,,,,0,0,0,0.0,0,0
190,Tchaouna,COV,MID,5.5,a,,,,0,0,0.0,0.0,0.0,0.0,69.0,0.1,,,,0,0,0,0.0,0,0
191,Borges Rodrigues,COV,MID,4.5,a,,,,0,0,0.0,0.0,0.0,0.0,0.0,0.2,,,,0,0,0,0.0,0,0
192,Andrews,COV,MID,4.5,a,,,,0,0,0.0,0.0,0.0,0.0,0.0,0.7,,,,0,0,0,0.0,0,0
193,Wright,COV,FWD,5.5,i,0,Thigh injury - Unknown return date,2026-08-14T22:00:07.214508+00:00,0,0,0.0,0.0,0.0,0.0,0.0,0.3,1,,,0,0,0,0.0,0,0
194,Thomas-Asante,COV,FWD,5.0,a,,,,0,0,0.0,0.0,0.0,0.0,0.0,0.8,4,,,0,0,0,0.0,0,0
195,Simms,COV,FWD,5.0,a,,,,0,0,0.0,0.0,0.0,0.0,0.0,0.9,,,,0,0,0,0.0,0,0
196,Markelo,COV,FWD,5.0,u,0,Has joined Shabab Al-Ahli Dubai permanently,2026-08-17T13:53:55.791223+00:00,0,0,0.0,0.0,0.0,0.0,0.0,0.0,,,,0,0,0,0.0,0,0
197,Bassette,COV,FWD,4.5,u,0,Has joined KVC Westerlo on loan for the rest of the season,2026-07-28T12:58:50.001768+00:00,0,0,0.0,0.0,0.0,0.0,0.0,0.1,,,,0,0,0,0.0,0,0
198,Henderson,CRY,GKP,5.0,d,75,Ankle injury - 75% chance of playing,2026-08-20T14:00:08.018379+00:00,3330,131,0.0,0.0,0.11,84.7,0.0,2.2,,,,37,11,51,51.4,106,0
199,Benitez,CRY,GKP,4.5,a,,,,90,7,0.0,0.0,0.0,2.3,0.0,0.1,,,,1,1,0,1.12,3,0
200,Lacroix,CHE,DEF,6.0,a,,,,3085,154,0.0,2.45,0.83,124.3,370.0,9.3,,,,35,11,47,44.04,0,0
201,Muñoz,CRY,DEF,5.5,a,,,,2400,136,0.0,2.45,3.94,139.5,196.0,9.9,,,,29,10,33,34.28,0,0
202,Richards,CRY,DEF,5.0,a,,,,2825,128,0.0,2.42,1.56,107.6,311.0,0.8,,,,31,11,42,41.19,0,0
203,Canvot,CRY,DEF,5.0,a,,,,1331,72,0.0,1.48,0.33,48.1,169.0,0.4,,,,14,5,23,23.84,0,0
204,Mitchell,CRY,DEF,4.5,a,,,,3253,135,0.0,1.59,2.53,136.0,245.0,6.4,,,,36,12,47,49.78,0,0
205,Sosa,CRY,DEF,4.5,a,,,,99,6,0.0,0.04,0.07,4.5,9.0,0.0,,,,0,0,2,0.9,0,0
206,Chadi Riad,CRY,DEF,4.5,a,,,,550,20,0.0,0.33,0.13,18.3,45.0,0.1,,,,6,1,8,9.09,0,0
207,Mingueza,CRY,DEF,4.5,a,,,,0,0,0.0,0.0,0.0,0.0,0.0,0.1,,,,0,0,0,0.0,0,0
208,Sarr,CRY,MID,6.5,a,,,,2173,117,0.0,10.93,1.17,135.1,137.0,5.0,2,,,24,9,29,31.25,0,0
209,Johnson,EVE,MID,6.0,a,,,,1710,65,0.0,2.45,1.31,75.8,121.0,0.2,,,,19,6,24,28.29,0,0
210,Wharton,CRY,MID,5.5,a,100,,2026-07-23T12:01:23.498963+00:00,2552,112,0.0,1.52,7.47,139.6,303.0,0.8,,,1,29,8,43,39.08,0,0
211,Yeremy,CRY,MID,5.5,a,,,,2074,77,0.0,4.53,6.12,141.4,167.0,0.2,,1,2,26,7,28,30.01,0,0
212,Hughes,CRY,MID,4.5,a,,,,1560,45,0.0,1.11,1.94,60.9,148.0,12.1,,,3,19,5,18,25.35,0,0
213,Lerma,CRY,MID,5.0,a,,,,1722,69,0.0,1.84,1.48,72.5,220.0,0.1,,,,18,7,25,25.11,0,0
214,Kamada,CRY,MID,5.0,a,,,,1899,67,0.0,1.64,3.24,74.5,208.0,0.3,,,4,22,6,28,26.04,0,0
215,Devenny,CRY,MID,5.0,a,,,,785,36,0.0,2.38,0.39,38.4,72.0,0.0,3,2,,7,1,15,14.71,0,0
216,Esse,CRY,MID,5.0,a,,,,40,4,0.0,0.0,0.04,1.5,5.0,0.0,,,,0,0,0,1.74,0,0
217,M.França,CRY,MID,5.0,a,,,,0,0,0.0,0.0,0.0,0.0,0.0,0.0,,,,0,0,0,0.0,0,0
218,Doucouré,CRY,MID,5.0,a,,,,0,0,0.0,0.0,0.0,0.0,0.0,0.1,,,,0,0,0,0.0,0,0
219,J.Rak-Sakyi,CRY,MID,5.0,a,,,,0,0,0.0,0.0,0.0,0.0,0.0,0.0,,,,0,0,0,0.0,0,0
220,Cardines,CRY,DEF,4.5,u,0,Has joined Bristol City on loan for the rest of the season,2026-08-12T14:08:46.501813+00:00,90,2,0.0,0.02,0.16,4.9,7.0,0.0,,,,1,0,2,2.53,0,0
221,Drakes-Thomas,CRY,MID,4.5,a,,,,7,2,0.0,0.0,0.0,0.3,3.0,0.1,,,,0,0,1,0.73,0,0
222,Strand Larsen,CRY,FWD,6.0,a,,,,2301,75,0.0,5.3,1.12,91.5,95.0,0.6,,,,26,5,41,36.03,0,0
223,Mateta,CRY,FWD,6.5,a,,,,2210,114,0.0,14.42,1.32,150.8,125.0,5.7,1,,,25,8,29,31.77,0,0
224,Nketiah,CRY,FWD,5.5,a,,,,414,23,0.0,1.77,0.46,37.8,38.0,0.5,,,,2,0,12,9.49,0,0
225,Uche,CRY,FWD,5.0,u,0,has returned to Getafe CF,2026-07-23T12:18:56.275922+00:00,159,17,0.0,0.49,0.01,8.8,13.0,0.0,,,,0,0,4,4.63,0,0
226,Pickford,EVE,GKP,5.5,a,,,,3420,135,0.0,0.0,0.2,90.8,0.0,8.0,,,,38,11,50,56.24,100,0
227,Travers,EVE,GKP,5.0,a,,,,0,0,0.0,0.0,0.0,0.0,0.0,0.0,,,,0,0,0,0.0,0,0
228,King,EVE,GKP,4.5,a,,,,0,0,0.0,0.0,0.0,0.0,0.0,0.0,,,,0,0,0,0.0,0,0
229,Tarkowski,EVE,DEF,6.0,a,,,,3330,170,0.0,2.53,2.1,165.7,376.0,8.8,,,,37,11,48,53.54,0,0
230,Branthwaite,EVE,DEF,5.5,a,,,,678,32,0.0,0.34,0.11,29.3,67.0,1.6,,,,7,1,9,9.43,0,0
231,Keane,EVE,DEF,5.0,a,,,,2588,131,0.0,2.3,0.49,111.7,302.0,1.7,,,,29,7,42,44.52,0,0
232,O'Brien,EVE,DEF,5.0,a,,,,3118,116,0.0,1.67,1.0,107.5,231.0,0.5,,,,35,10,46,53.49,0,0
233,Mykolenko,EVE,DEF,4.5,a,,,,2959,95,0.0,0.28,2.46,102.3,231.0,1.5,,,,33,9,47,48.41,0,0
234,Patterson,EVE,DEF,4.5,a,,,,238,22,0.0,0.03,0.04,8.8,31.0,0.0,,,,3,2,2,3.67,0,0
235,Aznou,EVE,DEF,4.0,a,,,,0,0,0.0,0.0,0.0,0.0,0.0,0.2,,,,0,0,0,0.0,0,0
236,Dewsbury-Hall,EVE,MID,6.5,a,,,,2629,151,0.0,4.35,5.34,166.0,230.0,3.3,,,2,30,8,39,40.38,0,0
237,Ndiaye,EVE,MID,6.0,a,,,,2781,128,0.0,6.68,4.41,166.5,283.0,16.0,1,,,32,8,44,42.68,0,0
238,Grealish,MCI,MID,6.5,a,100,,2026-07-29T10:00:10.492904+00:00,1627,79,0.0,2.05,3.37,129.2,135.0,0.2,,,,18,7,23,25.81,0,0
239,Garner,EVE,MID,6.0,i,0,Groin injury - Unknown return date,2026-07-25T14:30:10.455878+00:00,3413,159,0.0,2.1,6.18,208.4,458.0,0.2,3,1,1,38,11,50,56.18,0,0
240,Iroegbunam,EVE,MID,5.0,i,0,Thigh injury - Unknown return date,2026-08-15T20:00:06.878792+00:00,1477,68,0.0,0.54,0.71,45.9,189.0,0.0,,,,17,8,18,24.64,0,0
241,McNeil,CRY,MID,5.5,a,,,,1161,53,0.0,1.37,1.91,52.2,111.0,0.2,,,,14,6,9,18.8,0,0
242,George,EVE,MID,5.5,a,,,,351,16,0.0,0.64,1.19,23.9,23.0,0.3,,,,1,1,9,6.49,0,0
243,Alcaraz,EVE,MID,5.0,a,,,,679,29,0.0,1.17,0.54,41.8,70.0,0.1,,,,6,3,10,13.56,0,0
244,Armstrong,EVE,MID,5.0,a,,,,524,21,0.0,0.79,0.22,21.0,50.0,0.1,,,,6,1,11,10.93,0,0
245,Dibling,EVE,MID,5.5,a,,,,349,18,0.0,0.2,0.14,13.6,40.0,0.0,,,,4,2,2,6.65,0,0
246,Röhl,EVE,MID,5.0,a,,,,675,36,0.0,0.67,0.35,26.3,68.0,0.1,,,,6,2,13,13.31,0,0
247,Hackney,EVE,MID,5.5,a,,,,0,0,0.0,0.0,0.0,0.0,0.0,0.3,,,,0,0,0,0.0,0,0
248,Beto,EVE,FWD,5.5,a,,,,1551,104,0.0,8.9,0.23,124.5,89.0,2.8,4,,,17,5,19,24.16,0,0
249,Barry,EVE,FWD,5.5,a,,,,1898,95,0.0,8.17,0.44,102.5,74.0,1.3,2,,,21,7,34,33.49,0,0
250,Leno,FUL,GKP,4.5,a,,,,3420,122,0.0,0.0,0.02,81.5,0.0,3.1,,,,38,9,51,52.73,98,0
251,Lecomte,FUL,GKP,4.0,a,,,,0,0,0.0,0.0,0.0,0.0,0.0,1.3,,,,0,0,0,0.0,0,0
252,McNally,FUL,GKP,4.0,a,,,,0,0,0.0,0.0,0.0,0.0,0.0,0.2,,,,0,0,0,0.0,0,0
253,Andersen,FUL,DEF,5.0,s,0,Suspended until 30 Aug,2026-07-23T12:01:23.516350+00:00,2882,123,0.0,1.43,1.83,107.0,329.0,0.0,,,,33,8,45,44.88,0,0
254,Robinson,FUL,DEF,4.5,a,,,,1487,65,0.0,1.07,1.58,79.3,136.0,1.7,2,,,17,4,19,24.12,0,0
255,J.Cuenca,FUL,DEF,4.5,a,,,,935,39,0.0,0.05,0.53,31.2,117.0,0.0,,,,11,2,11,14.7,0,0
256,Tete,FUL,DEF,4.5,a,,,,1791,81,0.0,0.92,1.46,73.9,165.0,0.3,,,,21,6,25,25.79,0,0
257,Bassey,FUL,DEF,4.5,a,,,,2532,103,0.0,1.71,0.35,84.5,205.0,0.7,,,,28,7,40,38.01,0,0
258,Castagne,FUL,DEF,4.5,a,,,,1838,61,0.0,1.5,1.47,86.2,146.0,0.3,,,,20,3,31,32.66,0,0
259,Diop,IPS,DEF,4.0,a,,,,812,31,0.0,0.8,0.05,23.0,61.0,18.3,,,,8,1,13,12.42,0,0
260,Wilson,LEE,MID,6.5,a,,,,2674,168,0.0,5.88,4.77,196.9,177.0,6.6,,,2,32,9,38,40.14,0,0
261,Iwobi,FUL,MID,5.5,a,,,,2420,103,0.0,1.91,4.7,159.4,188.0,1.0,3,1,1,29,5,40,35.7,0,0
262,Smith Rowe,FUL,MID,5.5,a,,,,1909,80,0.0,4.71,1.12,102.6,148.0,0.4,,,,22,6,27,31.27,0,0
263,Kevin,FUL,MID,5.5,a,,,,1030,49,0.0,1.21,1.47,70.4,86.0,0.1,,,3,9,4,15,14.57,0,0
264,Bobb,FUL,MID,5.5,a,,,,1030,42,0.0,1.47,2.1,66.4,76.0,0.3,,,2,11,4,13,12.71,0,0
265,Berge,FUL,MID,5.0,a,,,,2904,91,0.0,1.54,1.5,91.0,280.0,0.4,,,,34,8,45,43.09,0,0
266,Cairney,FUL,MID,5.0,i,0,Knee injury - Expected back 10 Oct,2026-08-14T18:00:06.460944+00:00,756,41,0.0,1.21,0.81,41.4,61.0,0.0,,,,6,2,10,11.67,0,0
267,Lukić,IPS,MID,5.0,a,,,,1730,67,0.0,2.23,1.91,93.4,183.0,0.1,,,4,20,6,22,27.64,0,0
268,King,FUL,MID,5.5,a,,,,1290,63,0.0,2.47,0.66,73.3,107.0,0.2,,,,15,5,18,18.97,0,0
269,Sessegnon,FUL,DEF,4.5,a,,,,1816,95,0.0,1.6,1.8,86.7,218.0,0.4,,,,20,6,29,26.33,0,0
270,Reed,FUL,MID,4.5,a,,,,89,15,0.0,0.13,0.45,9.7,6.0,1.5,,,,1,0,4,3.43,0,0
271,Muniz,FUL,FWD,5.5,a,,,,987,36,0.0,3.3,0.15,47.3,52.0,0.6,,,,10,3,13,13.83,0,0
272,Kusi-Asare,FUL,FWD,4.5,a,,,,49,6,0.0,0.0,0.07,2.3,5.0,7.5,,,,0,0,2,1.1,0,0
273,Phillips,HUL,GKP,4.0,a,,,,0,0,0.0,0.0,0.0,0.0,0.0,1.6,,,,0,0,0,0.0,0,0
274,Butland,HUL,GKP,4.5,i,0,Arm injury - Unknown return date,2026-08-08T19:00:05.601633+00:00,0,0,0.0,0.0,0.0,0.0,0.0,0.2,,,,0,0,0,0.0,0,0
275,Cartwright,HUL,GKP,4.0,u,0,Has joined Grimsby Town on loan for the rest of the season,2026-07-29T13:00:27.959925+00:00,0,0,0.0,0.0,0.0,0.0,0.0,0.0,,,,0,0,0,0.0,0,0
276,Lo-Tutala,HUL,GKP,4.0,u,0,Has joined Colchester United on loan for the rest of the season,2026-08-17T13:50:27.125537+00:00,0,0,0.0,0.0,0.0,0.0,0.0,0.0,,,,0,0,0,0.0,0,0
277,Egan,HUL,DEF,4.0,a,,,,0,0,0.0,0.0,0.0,0.0,0.0,1.6,,,,0,0,0,0.0,0,0
278,Hughes,HUL,DEF,4.0,i,0,Groin injury - Unknown return date,2026-08-02T09:00:11.030017+00:00,0,0,0.0,0.0,0.0,0.0,0.0,0.2,,,,0,0,0,0.0,0,0
279,Ajayi,HUL,DEF,4.0,a,,,,0,0,0.0,0.0,0.0,0.0,0.0,0.9,,,,0,0,0,0.0,0,0
280,Coyle,HUL,DEF,4.0,a,,,,0,0,0.0,0.0,0.0,0.0,0.0,0.7,,,,0,0,0,0.0,0,0
281,Drameh,HUL,DEF,4.0,a,100,,2026-08-08T19:00:05.613036+00:00,0,0,0.0,0.0,0.0,0.0,0.0,0.0,,,,0,0,0,0.0,0,0
282,Giles,HUL,DEF,4.0,a,,,,0,0,0.0,0.0,0.0,0.0,0.0,0.8,,1,1,0,0,0,0.0,0,0
283,Jacob,HUL,DEF,4.0,i,0,Hip injury - Expected back 29 Aug,2026-08-02T09:00:11.038361+00:00,0,0,0.0,0.0,0.0,0.0,0.0,0.0,,,,0,0,0,0.0,0,0
284,McCarthy,HUL,DEF,4.0,a,,,,0,0,0.0,0.0,0.0,0.0,0.0,0.1,,,,0,0,0,0.0,0,0
285,McNair,HUL,DEF,4.0,a,,,,0,0,0.0,0.0,0.0,0.0,0.0,0.1,,,,0,0,0,0.0,0,0
286,Belloumi,HUL,MID,5.0,a,,,,0,0,0.0,0.0,0.0,0.0,0.0,0.4,,2,3,0,0,0,0.0,0,0
287,Millar,HUL,MID,5.0,a,,,,0,0,0.0,0.0,0.0,0.0,0.0,0.1,,,,0,0,0,0.0,0,0
288,Dowell,HUL,MID,4.5,a,,,,0,0,0.0,0.0,0.0,0.0,0.0,0.4,,,,0,0,0,0.0,0,0
289,Crooks,HUL,MID,4.5,a,,,,0,0,0.0,0.0,0.0,0.0,0.0,0.6,,,,0,0,0,0.0,0,0
290,Slater,HUL,MID,4.5,a,,,,0,0,0.0,0.0,0.0,0.0,0.0,2.9,,,2,0,0,0,0.0,0,0
291,Matazo,HUL,MID,4.5,i,0,Knee injury - Unknown return date,2026-07-23T12:01:23.532635+00:00,0,0,0.0,0.0,0.0,0.0,0.0,0.0,,,,0,0,0,0.0,0,0
292,Ömür,HUL,MID,5.0,a,,,,0,0,0.0,0.0,0.0,0.0,0.0,0.0,,,,0,0,0,0.0,0,0
293,Kamara,HUL,MID,5.0,u,0,Has joined Portsmouth permanently,2026-08-12T14:08:23.542043+00:00,0,0,0.0,0.0,0.0,0.0,0.0,0.0,,,,0,0,0,0.0,0,0
294,Zambrano,HUL,MID,4.5,i,0,Thigh injury - Unknown return date,2026-08-04T18:30:11.016909+00:00,0,0,0.0,0.0,0.0,0.0,0.0,0.1,,,,0,0,0,0.0,0,0
295,McBurnie,HUL,FWD,5.5,a,,,,0,0,0.0,0.0,0.0,0.0,0.0,1.3,1,,,0,0,0,0.0,0,0
296,Akintola,HUL,MID,5.0,a,,,,0,0,0.0,0.0,0.0,0.0,0.0,0.0,,,,0,0,0,0.0,0,0
297,Gyabi,HUL,MID,4.5,i,0,Thigh injury - Unknown return date,2026-08-04T18:30:11.027155+00:00,0,0,0.0,0.0,0.0,0.0,0.0,0.0,,,,0,0,0,0.0,0,0
298,Destan,HUL,FWD,4.5,u,0,Has joined Konyaspor permanently,2026-08-17T13:50:27.145733+00:00,0,0,0.0,0.0,0.0,0.0,0.0,0.6,,,,0,0,0,0.0,0,0
299,Burstow,HUL,FWD,4.5,u,0,Has joined Sheffield Wednesday on loan for the rest of the season,2026-08-03T14:05:20.234842+00:00,0,0,0.0,0.0,0.0,0.0,0.0,0.1,,,,0,0,0,0.0,0,0
300,Walton,IPS,GKP,4.5,a,,,,0,0,0.0,0.0,0.0,0.0,0.0,0.6,,,,0,0,0,0.0,0,0
301,Palmer,IPS,GKP,4.0,a,,,,0,0,0.0,0.0,0.0,0.0,0.0,4.9,,,,0,0,0,0.0,0,0
302,Button,IPS,GKP,4.0,a,,,,0,0,0.0,0.0,0.0,0.0,0.0,0.5,,,,0,0,0,0.0,0,0
303,Kipré,IPS,DEF,4.0,a,,,,0,0,0.0,0.0,0.0,0.0,0.0,0.7,,,,0,0,0,0.0,0,0
304,O'Shea,IPS,DEF,4.0,a,,,,0,0,0.0,0.0,0.0,0.0,0.0,3.4,,,,0,0,0,0.0,0,0
305,Davis,IPS,DEF,4.0,a,,,,0,0,0.0,0.0,0.0,0.0,0.0,5.3,,2,2,0,0,0,0.0,0,0
306,Greaves,IPS,DEF,4.0,a,,,,0,0,0.0,0.0,0.0,0.0,0.0,1.4,,,,0,0,0,0.0,0,0
307,Johnson,IPS,DEF,4.0,a,,,,0,0,0.0,0.0,0.0,0.0,0.0,0.1,,,,0,0,0,0.0,0,0
308,Furlong,IPS,DEF,4.0,a,,,,0,0,0.0,0.0,0.0,0.0,0.0,0.6,,,,0,0,0,0.0,0,0
309,Núñez,IPS,MID,5.0,a,,,,0,0,0.0,0.0,0.0,0.0,0.0,0.1,,1,1,0,0,0,0.0,0,0
310,Matusiwa,IPS,MID,5.0,i,0,Muscular injury - Unknown return date,2026-07-29T18:00:10.305484+00:00,0,0,0.0,0.0,0.0,0.0,0.0,0.0,,,,0,0,0,0.0,0,0
311,Burns,IPS,MID,5.0,u,0,Has joined Leicester City permanently,2026-08-10T14:02:47.597478+00:00,0,0,0.0,0.0,0.0,0.0,0.0,0.0,,,,0,0,0,0.0,0,0
312,Taylor,IPS,MID,4.5,i,0,Knee injury - Unknown return date,2026-07-29T18:00:10.319370+00:00,0,0,0.0,0.0,0.0,0.0,0.0,0.1,,,,0,0,0,0.0,0,0
313,Clarke,IPS,MID,5.5,a,,,,0,0,0.0,0.0,0.0,0.0,0.0,0.3,1,3,3,0,0,0,0.0,0,0
314,Ogbene,IPS,MID,5.0,a,,,,0,0,0.0,0.0,0.0,0.0,0.0,0.0,,,,0,0,0,0.0,0,0
315,Fatawu,IPS,MID,5.5,a,,,,0,0,0.0,0.0,0.0,0.0,0.0,0.2,,,,0,0,0,0.0,0,0
316,Emersonn,IPS,FWD,5.5,a,,,,0,0,0.0,0.0,0.0,0.0,0.0,0.4,2,,,0,0,0,0.0,0,0
317,Hirst,IPS,FWD,5.0,u,0,Has joined Stoke City permanently,2026-08-21T13:06:08.606019+00:00,0,0,0.0,0.0,0.0,0.0,0.0,0.4,3,,,0,0,0,0.0,0,0
318,Philogene,IPS,MID,5.5,a,,,,0,0,0.0,0.0,0.0,0.0,0.0,0.2,4,,5,0,0,0,0.0,0,0
319,Szmodics,IPS,MID,5.0,u,0,Has joined Derby County on loan for the rest of the season,2026-08-17T13:51:41.713979+00:00,0,0,0.0,0.0,0.0,0.0,0.0,0.0,,,,0,0,0,0.0,0,0
320,Akpom,IPS,FWD,5.0,a,,,,0,0,0.0,0.0,0.0,0.0,0.0,0.5,,,,0,0,0,0.0,0,0
321,Walle Egeli,IPS,FWD,4.5,a,,,,0,0,0.0,0.0,0.0,0.0,0.0,2.2,,,,0,0,0,0.0,0,0
322,Al-Hamadi,IPS,FWD,5.0,a,,,,0,0,0.0,0.0,0.0,0.0,0.0,0.1,,,,0,0,0,0.0,0,0
323,McAteer,IPS,MID,4.5,a,,,,0,0,0.0,0.0,0.0,0.0,0.0,1.5,,,,0,0,0,0.0,0,0
324,Mehmeti,IPS,MID,5.0,a,,,,0,0,0.0,0.0,0.0,0.0,0.0,0.1,,,,0,0,0,0.0,0,0
325,Darlow,MUN,GKP,4.5,d,75,Unspecified injury - 75% chance of playing,2026-07-23T12:01:23.549136+00:00,1980,71,0.0,0.0,0.05,53.4,0.0,0.0,,,,22,5,27,28.36,63,0
326,Perri,LEE,GKP,4.5,a,,,,1440,43,0.0,0.0,0.0,32.2,0.0,0.6,,,,16,3,29,26.68,38,0
327,Bijol,LEE,DEF,5.0,a,,,,1888,99,0.0,0.9,0.75,86.0,219.0,0.3,,,,21,5,26,31.48,0,0
328,Struijk,BHA,DEF,5.0,a,100,,2026-08-15T20:30:07.523574+00:00,2935,108,0.0,3.06,0.76,113.1,297.0,0.2,,,,33,7,48,42.92,0,0
329,Rodon,LEE,DEF,4.5,a,,,,2952,109,0.0,1.4,0.56,109.1,274.0,3.2,,,,33,6,53,48.54,0,0
330,Bogle,LEE,DEF,4.5,a,,,,2795,96,0.0,2.08,3.11,100.3,178.0,0.5,,,,32,6,44,39.93,0,0
331,Gudmundsson,LEE,DEF,4.5,i,0,Hamstring injury - Unknown return date,2026-08-08T20:00:07.546568+00:00,2637,68,0.0,1.1,2.89,96.4,184.0,0.1,,,,31,5,45,41.06,0,0
332,Justin,LEE,DEF,4.5,a,,,,1893,94,0.0,1.83,1.16,88.3,183.0,0.6,,,,21,6,26,33.01,0,0
333,Bornauw,LEE,DEF,4.5,u,0,Has joined Hamburg SV on loan for the rest of the season,2026-08-19T13:56:14.645970+00:00,429,25,0.0,0.2,0.01,12.2,49.0,0.0,,,,5,2,5,8.71,0,0
334,Muharemović,LEE,DEF,5.0,a,,,,0,0,0.0,0.0,0.0,0.0,0.0,3.5,,,,0,0,0,0.0,0,0
335,Stach,LEE,MID,6.0,a,,,,2369,137,0.0,2.88,4.47,188.8,266.0,0.9,,1,1,28,7,36,34.05,0,0
336,Okafor,LEE,MID,6.0,a,,,,1553,109,0.0,5.25,1.32,115.0,113.0,0.5,,,,19,6,26,24.54,0,0
337,Aaronson,LEE,MID,5.5,a,,,,2449,126,0.0,4.53,3.6,146.7,216.0,1.0,,3,,30,9,32,37.07,0,0
338,Ampadu,LEE,MID,5.5,a,,,,3119,134,0.0,2.47,2.2,114.7,416.0,1.5,,,,35,8,49,48.66,0,0
339,Longstaff,LEE,MID,5.0,a,,,,1003,56,0.0,1.23,1.87,81.2,110.0,0.1,,2,3,10,1,20,15.88,0,0
340,Gelhardt,HUL,MID,5.0,i,0,Ankle injury - Expected back 5 Sep,2026-08-17T21:30:07.799839+00:00,0,0,0.0,0.0,0.0,0.0,0.0,0.0,,,,0,0,0,0.0,0,0
341,Gnonto,LEE,MID,5.0,i,0,Hamstring injury - Unknown return date,2026-08-17T20:30:08.092366+00:00,521,32,0.0,0.4,0.77,27.5,59.0,0.0,,,,4,1,14,11.99,0,0
342,Harrison,LEE,MID,5.0,u,0,Has joined New England Revolution permanently,2026-07-28T12:59:09.492431+00:00,262,12,0.0,0.28,0.23,11.5,24.0,0.0,,,,1,0,5,3.82,0,0
343,James,LEE,MID,5.0,a,,,,547,23,0.0,0.91,0.71,33.9,35.0,0.1,,,,6,1,16,14.39,0,0
344,Gruev,LEE,MID,5.0,i,0,Knee injury - Unknown return date,2026-08-14T23:00:06.272027+00:00,1318,56,0.0,0.49,0.86,43.2,114.0,0.0,,,,15,5,23,25.27,0,0
345,Tanaka,LEE,MID,5.0,a,,,,1307,67,0.0,1.44,1.39,63.6,147.0,0.3,,,4,14,3,22,21.49,0,0
346,Calvert-Lewin,LEE,FWD,6.0,a,,,,2721,142,0.0,15.57,1.06,194.7,105.0,30.9,1,,,30,8,34,35.74,0,0
347,Nmecha,LEE,FWD,5.5,a,,,,1065,73,0.0,7.25,1.58,87.8,57.0,0.6,2,,,10,3,23,21.84,0,0
348,Piroe,LEE,FWD,5.0,u,0,Has joined West Ham United on loan for the rest of the season,2026-08-19T13:56:14.666726+00:00,244,17,0.0,0.9,0.13,16.5,14.0,0.2,3,,,2,1,9,6.81,0,0
349,Mateo Joseph,LEE,FWD,4.5,i,0,Knee injury - Unknown return date,2026-07-29T18:00:10.338170+00:00,0,0,0.0,0.0,0.0,0.0,0.0,0.1,,,,0,0,0,0.0,0,0
350,A.Becker,LIV,GKP,5.5,a,,,,2340,91,0.0,0.0,0.03,47.8,0.0,3.5,,,,26,8,31,29.58,57,0
351,Mamardashvili,LIV,GKP,5.0,a,,,,867,34,0.0,0.0,0.0,27.5,0.0,0.2,,,,10,2,18,13.29,34,0
352,Woodman,LIV,GKP,4.0,a,,,,212,6,0.0,0.0,0.0,8.4,0.0,1.1,,,,2,0,4,4.76,9,0
353,Pecsi,LIV,GKP,4.0,u,0,Has joined TSV Hartberg on loan for the rest of the season,2026-08-18T14:11:18.638344+00:00,0,0,0.0,0.0,0.0,0.0,0.0,0.0,,,,0,0,0,0.0,0,0
354,Jaros,LIV,GKP,4.0,i,0,Knee injury - Unknown return date,2026-07-29T18:00:10.351066+00:00,0,0,0.0,0.0,0.0,0.0,0.0,0.0,,,,0,0,0,0.0,0,0
355,Davies,LIV,GKP,4.0,a,,,,0,0,0.0,0.0,0.0,0.0,0.0,0.1,,,,0,0,0,0.0,0,0
356,Virgil,LIV,DEF,6.5,a,,,,3420,175,0.0,3.77,1.44,187.6,352.0,18.6,,,,38,10,53,47.63,0,0
357,Frimpong,LIV,DEF,5.5,a,,,,1032,63,0.0,0.5,1.55,56.5,30.0,3.3,,,,12,5,13,12.97,0,0
358,Kerkez,LIV,DEF,5.5,a,,,,2251,85,0.0,1.5,0.69,99.4,134.0,3.8,,,,27,6,37,30.1,0,0
359,Gomez,LIV,DEF,5.0,i,0,Muscular injury - Unknown return date,2026-07-26T08:30:10.078473+00:00,594,33,0.0,0.28,0.64,23.2,46.0,0.0,,,,7,2,14,9.31,0,0
360,Bradley,LIV,DEF,5.0,i,0,Knee injury - Unknown return date,2026-07-23T12:01:23.565711+00:00,928,42,0.0,0.18,0.84,32.3,65.0,0.0,,,,12,4,13,10.77,0,0
361,Lucky,LIV,DEF,4.0,a,,,,0,0,0.0,0.0,0.0,0.0,0.0,0.1,,,,0,0,0,0.0,0,0
362,Jacquet,LIV,DEF,5.0,a,100,,2026-07-23T12:01:23.581126+00:00,0,0,0.0,0.0,0.0,0.0,0.0,2.3,,,,0,0,0,0.0,0,0
363,Leoni,LIV,DEF,4.0,i,0,Knee injury - Unknown return date,2026-07-23T12:01:23.596909+00:00,0,0,0.0,0.0,0.0,0.0,0.0,0.0,,,,0,0,0,0.0,0,0
364,Tsimikas,LIV,DEF,5.0,a,,,,0,0,0.0,0.0,0.0,0.0,0.0,0.1,,,,0,0,0,0.0,0,0
365,Ramsay,LIV,DEF,4.0,a,,,,0,0,0.0,0.0,0.0,0.0,0.0,0.2,,,,0,0,0,0.0,0,0
366,Wirtz,LIV,MID,7.5,a,,,,2374,125,0.0,6.83,5.14,210.0,176.0,13.0,4,2,3,27,10,32,33.99,0,0
367,Gakpo,LIV,MID,7.0,a,,,,2736,131,0.0,8.35,4.67,208.4,152.0,3.5,3,,2,32,10,39,34.94,0,0
368,Szoboszlai,LIV,MID,7.0,a,,,,3232,160,0.0,4.76,6.83,260.9,338.0,41.7,2,1,1,36,9,52,45.63,0,0
369,Ngumoha,LIV,MID,6.0,a,,,,547,43,0.0,1.34,2.01,60.1,30.0,1.2,,,,5,2,12,8.92,0,0
370,Chiesa,LIV,MID,5.5,a,,,,317,37,0.0,1.45,0.61,34.9,30.0,0.1,,,,1,0,9,6.5,0,0
371,Gravenberch,LIV,MID,6.0,a,,,,2991,144,0.0,1.89,2.26,140.1,298.0,1.9,,,,34,9,42,38.41,0,0
372,Mac Allister,LIV,MID,5.5,a,,,,2654,108,0.0,3.89,1.69,139.9,229.0,1.7,5,,,31,7,41,36.97,0,0
373,C.Jones,LIV,MID,5.5,d,75,Hip injury - 75% chance of playing,2026-08-16T18:30:07.426408+00:00,1923,81,0.0,2.21,2.77,104.6,237.0,0.1,,,,18,3,37,31.44,0,0
374,Endo,LIV,MID,5.0,a,100,,2026-07-23T12:01:23.612529+00:00,170,12,0.0,0.04,0.05,8.0,23.0,0.1,,,,1,1,5,4.11,0,0
375,Nyoni,LIV,MID,5.0,a,,,,21,6,0.0,0.37,0.02,2.1,5.0,0.0,,,,0,0,1,0.85,0,0
376,Bajcetic,LIV,MID,5.0,i,0,Hamstring injury - Expected back 23 Aug,2026-07-23T12:01:23.628373+00:00,0,0,0.0,0.0,0.0,0.0,0.0,0.0,,,,0,0,0,0.0,0,0
377,Munoz,LIV,MID,6.5,a,,,,0,0,0.0,0.0,0.0,0.0,0.0,0.6,,,,0,0,0,0.0,0,0
378,McConnell,LIV,MID,4.5,a,,,,0,0,0.0,0.0,0.0,0.0,0.0,0.3,,,,0,0,0,0.0,0,0
379,Isak,LIV,FWD,9.0,a,,,,694,41,0.0,2.59,0.08,36.9,30.0,16.5,1,,,8,1,9,8.38,0,0
380,Ekitiké,LIV,FWD,7.5,i,0,Achilles injury - Unknown return date,2026-07-23T12:01:23.643771+00:00,1797,125,0.0,10.1,2.45,156.2,85.0,0.2,,,,21,7,25,26.11,0,0
381,Koumas,LIV,MID,5.0,a,,,,0,0,0.0,0.0,0.0,0.0,0.0,0.0,,,,0,0,0,0.0,0,0
382,Danns,LIV,FWD,4.5,i,0,Unspecified injury - Unknown return date,2026-07-23T12:01:23.659279+00:00,0,0,0.0,0.0,0.0,0.0,0.0,0.0,,,,0,0,0,0.0,0,0
383,Elliott,LIV,MID,5.5,a,,,,110,5,0.0,0.29,0.08,7.4,6.0,0.1,,,,1,0,2,1.74,0,0
384,Donnarumma,MCI,GKP,5.5,a,,,,3060,135,0.0,0.0,0.13,68.0,0.0,8.3,,,,34,15,29,38.5,78,0
385,Trafford,LEE,GKP,5.0,a,,,,360,13,0.0,0.0,0.0,11.9,0.0,3.0,,,,4,1,6,5.74,14,0
386,Bettinelli,MCI,GKP,4.5,a,,,,0,0,0.0,0.0,0.0,0.0,0.0,0.0,,,,0,0,0,0.0,0,0
387,O'Reilly,MCI,DEF,6.5,a,,,,2643,160,0.0,6.12,2.67,164.1,172.0,21.1,,,,29,14,25,34.97,0,0
388,Guéhi,MCI,DEF,6.0,a,,,,3150,179,0.0,4.05,2.37,160.9,278.0,17.6,,,,35,14,35,44.58,0,0
389,Matheus N.,MCI,DEF,6.0,a,100,,2026-08-16T18:30:07.457097+00:00,2861,154,0.0,0.34,2.23,137.6,195.0,1.3,5,,,32,12,28,34.89,0,0
390,Rúben,MCI,DEF,5.5,a,,,,2139,113,0.0,0.57,0.65,81.0,167.0,1.6,,,,24,12,22,26.07,0,0
391,Gvardiol,MCI,DEF,5.5,a,,,,1370,79,0.0,2.25,0.7,69.8,103.0,10.9,,,,16,6,13,16.05,0,0
392,Aït-Nouri,MCI,DEF,5.5,a,,,,971,60,0.0,0.53,2.01,50.2,67.0,0.9,,,,12,5,8,12.25,0,0
393,Khusanov,MCI,DEF,5.5,a,,,,1427,67,0.0,0.65,1.21,43.9,123.0,1.7,,,,15,6,13,20.89,0,0
394,Alleyne,MCI,DEF,5.0,u,0,Has joined Burnley on loan for the rest of the season,2026-08-18T14:11:56.324656+00:00,135,5,0.0,0.26,0.06,7.5,11.0,0.0,,,,2,0,1,1.54,0,0
395,Lewis,MCI,DEF,4.5,a,,,,401,19,0.0,0.19,1.39,23.8,19.0,0.2,,,,4,1,7,6.81,0,0
396,Vitor Reis,MCI,DEF,4.5,a,,,,0,0,0.0,0.0,0.0,0.0,0.0,0.0,,,,0,0,0,0.0,0,0
397,Semenyo,MCI,MID,8.5,a,,,,3200,202,0.0,11.1,3.12,257.7,236.0,26.3,3,,,37,12,52,47.67,0,0
398,Foden,MCI,MID,7.0,a,,,,2078,131,0.0,6.03,4.76,201.9,160.0,4.3,,3,3,23,11,19,27.38,0,0
399,Cherki,MCI,MID,7.5,a,,,,1772,135,0.0,4.28,8.87,218.1,135.0,7.7,,1,1,19,8,18,25.23,0,0
400,Doku,MCI,MID,7.5,i,0,Calf injury - Expected back 5 Sep,2026-08-18T17:00:08.385597+00:00,1773,120,0.0,2.87,5.86,202.5,126.0,2.8,4,,,19,8,18,23.2,0,0
401,Marmoush,MCI,FWD,7.0,a,,,,691,56,0.0,2.78,0.77,64.4,39.0,0.9,2,2,,8,4,5,7.92,0,0
402,Rodrigo,MCI,MID,6.5,u,0,Has joined Barcelona permanently,2026-07-23T12:01:23.675537+00:00,1510,69,0.0,1.15,2.45,90.3,206.0,0.0,,,,17,5,15,20.74,0,0
403,Savinho,MCI,MID,6.5,a,,,,817,43,0.0,2.5,1.59,65.8,59.0,0.2,,,,7,3,7,11.24,0,0
404,Reijnders,MCI,MID,6.0,u,0,Has joined Al Qadsiah permanently,2026-08-20T14:02:58.154273+00:00,1623,92,0.0,4.61,2.35,111.2,100.0,0.2,,,,19,7,18,18.82,0,0
405,N.Gonzalez,MCI,MID,5.5,a,,,,1561,63,0.0,0.68,1.12,61.5,206.0,0.1,,,,17,7,18,20.35,0,0
406,Kovačić,MCI,MID,5.5,a,,,,125,9,0.0,0.13,0.42,11.5,18.0,0.1,,,,1,0,3,4.0,0,0
407,Echeverri,MCI,MID,5.0,a,,,,0,0,0.0,0.0,0.0,0.0,0.0,0.0,,,,0,0,0,0.0,0,0
408,Phillips,MCI,MID,5.0,u,0,Has joined Sheffield United on loan for the rest of the season,2026-08-18T14:11:56.348781+00:00,0,0,0.0,0.0,0.0,0.0,0.0,0.0,,,,0,0,0,0.0,0,0
409,Mukasa,MCI,MID,4.5,a,,,,25,2,0.0,0.0,0.21,3.7,1.0,0.2,,,,0,0,0,0.34,0,0
410,Monga,MCI,MID,5.0,a,,,,0,0,0.0,0.0,0.0,0.0,0.0,0.0,,,,0,0,0,0.0,0,0
411,Haaland,MCI,FWD,15.5,a,,,,2953,239,0.0,25.5,2.67,302.3,104.0,69.4,1,,,34,13,32,38.6,0,0
412,Lammens,MUN,GKP,5.0,a,,,,2880,109,0.0,0.0,0.0,63.7,0.0,17.0,,,,32,8,39,39.25,79,0
413,Bayindir,MUN,GKP,4.5,u,0,Has joined Celta Vigo on loan for the rest of the season,2026-08-10T14:02:28.608415+00:00,540,11,0.0,0.0,0.05,12.8,0.0,0.0,,,,6,0,11,9.24,13,0
414,Heaton,MUN,GKP,4.0,i,0,Hamstring injury - Unknown return date,2026-08-15T16:00:07.854151+00:00,0,0,0.0,0.0,0.0,0.0,0.0,0.1,,,,0,0,0,0.0,0,0
415,Dorgu,MUN,MID,6.0,a,,,,1440,95,0.0,2.39,1.84,120.3,98.0,1.4,,,,15,4,20,19.61,0,0
416,De Ligt,MUN,DEF,5.0,i,0,Back injury - Unknown return date,2026-07-23T12:01:23.690880+00:00,1170,43,0.0,1.38,0.83,45.7,107.0,0.0,,,,13,1,20,18.73,0,0
417,Dalot,MUN,DEF,5.0,a,,,,2609,111,0.0,1.93,2.57,119.6,180.0,2.8,,,,29,7,40,36.57,0,0
418,Maguire,MUN,DEF,5.0,a,,,,1649,90,0.0,1.12,0.5,63.0,151.0,17.2,,,,19,7,20,22.95,0,0
419,Martinez,MUN,DEF,5.0,a,100,,2026-07-24T20:00:10.337107+00:00,1229,51,0.0,0.15,0.6,42.0,105.0,1.2,,,,13,5,15,15.22,0,0
420,Yoro,MUN,DEF,5.0,a,,,,1730,56,0.0,1.34,0.59,53.2,156.0,0.7,,,,18,2,33,26.83,0,0
421,Heaven,MUN,DEF,4.5,a,,,,920,42,0.0,0.34,0.18,29.1,93.0,0.4,,,,11,2,15,11.95,0,0
422,Mazraoui,MUN,DEF,4.5,a,,,,977,53,0.0,0.19,0.35,36.8,94.0,0.6,,,,11,5,10,12.99,0,0
423,Shaw,MUN,DEF,4.5,a,,,,3220,113,0.0,0.72,1.98,97.4,224.0,21.5,,,3,38,10,45,44.9,0,0
424,Amass,MUN,DEF,4.0,a,,,,0,0,0.0,0.0,0.0,0.0,0.0,0.2,,,,0,0,0,0.0,0,0
425,Fredricson,MUN,DEF,4.0,u,0,Has joined Lausanne-Sport permanently,2026-08-18T14:12:31.904433+00:00,2,1,0.0,0.0,0.0,0.4,2.0,0.0,,,,0,0,0,0.3,0,0
426,B.Fernandes,MUN,MID,12.0,a,,,,3065,235,0.0,10.79,12.28,381.4,287.0,51.5,1,1,1,35,7,46,44.42,0,0
427,Mbeumo,MUN,MID,8.0,a,,,,2611,148,0.0,11.98,4.99,231.4,139.0,37.5,2,2,2,31,8,37,35.87,0,0
428,Cunha,MUN,MID,8.0,a,,,,2493,143,0.0,6.9,3.36,202.5,211.0,10.3,,,,29,8,35,35.75,0,0
429,Rashford,MUN,MID,7.0,a,,,,0,0,0.0,0.0,0.0,0.0,0.0,1.5,,,,0,0,0,0.0,0,0
430,Mount,MUN,MID,5.5,d,50,Foot injury - 50% chance of playing,2026-08-15T16:00:07.879135+00:00,1010,58,0.0,1.56,1.62,58.0,102.0,0.0,,3,,12,5,15,12.46,0,0
431,Amad,MUN,MID,6.0,a,,,,2339,91,0.0,5.46,4.74,163.5,198.0,1.6,,,4,27,6,33,31.69,0,0
432,Mainoo,MUN,MID,5.5,a,,,,1653,73,0.0,0.48,1.27,82.1,187.0,1.0,,,,16,6,22,22.88,0,0
433,Ugarte,MUN,MID,5.0,i,0,Knee injury - Unknown return date,2026-07-23T12:01:23.706702+00:00,876,38,0.0,0.72,0.16,29.8,142.0,0.0,,,,8,1,23,18.22,0,0
434,J.Fletcher,MUN,MID,5.0,a,,,,107,3,0.0,0.03,0.02,4.8,11.0,0.0,,,,0,0,0,1.86,0,0
435,Lacey,MUN,MID,5.0,a,,,,40,3,0.0,0.1,0.01,1.7,3.0,0.0,,,,0,0,0,0.51,0,0
436,Collyer,MUN,MID,5.0,a,,,,0,0,0.0,0.0,0.0,0.0,0.0,0.0,,,,0,0,0,0.0,0,0
437,Bendito Mantato,MUN,MID,4.5,a,,,,15,1,0.0,0.0,0.01,1.4,0.0,0.2,,,,0,0,0,0.05,0,0
438,Fletcher,MUN,MID,4.5,a,,,,17,2,0.0,0.0,0.01,0.3,2.0,0.3,,,,0,0,0,0.33,0,0
439,Šeško,MUN,FWD,7.0,d,75,Shin injury - 75% chance of playing,2026-07-23T12:01:23.722029+00:00,1630,111,0.0,9.21,0.28,143.4,64.0,1.3,,,,17,2,30,27.05,0,0
440,Zirkzee,MUN,FWD,5.5,a,,,,607,42,0.0,2.74,0.34,58.3,44.0,0.6,,,,5,2,8,9.41,0,0
441,Obi,MUN,FWD,4.5,a,,,,0,0,0.0,0.0,0.0,0.0,0.0,1.1,,,,0,0,0,0.0,0,0
442,Pope,NEW,GKP,5.0,a,,,,2416,96,0.0,0.16,0.0,70.7,0.0,1.3,,,,27,7,38,32.89,89,0
443,Gillespie,NEW,GKP,4.5,a,,,,0,0,0.0,0.0,0.0,0.0,0.0,0.0,,,,0,0,0,0.0,0,0
444,Jaouen,NEW,GKP,4.5,a,,,,0,0,0.0,0.0,0.0,0.0,0.0,0.0,,,,0,0,0,0.0,0,0
445,Thiaw,NEW,DEF,5.0,a,,,,2963,126,0.0,4.8,0.96,138.9,292.0,1.7,,,,33,5,52,49.21,0,0
446,Schär,NEW,DEF,5.0,a,100,,2026-08-15T16:30:07.209742+00:00,1089,51,0.0,0.97,0.6,46.4,115.0,0.2,,2,,11,4,13,13.85,0,0
447,Botman,NEW,DEF,5.0,a,,,,1834,89,0.0,1.73,0.86,87.4,216.0,0.4,,,,21,5,27,27.58,0,0
448,Burn,NEW,DEF,5.0,a,,,,2195,93,0.0,1.08,0.36,82.1,225.0,2.4,,,,25,6,36,30.15,0,0
449,Hall,NEW,DEF,5.0,a,,,,2176,79,0.0,1.01,2.78,118.0,173.0,3.5,,1,1,24,4,39,37.72,0,0
450,Livramento,NEW,DEF,5.0,i,0,Calf injury - Unknown return date,2026-07-23T12:01:23.753221+00:00,1326,59,0.0,0.13,0.89,46.1,68.0,0.1,,,,14,6,14,18.62,0,0
451,A.Murphy,NEW,DEF,4.0,u,0,Has joined FC Kaiserslautern on loan for the rest of the season,2026-08-12T14:05:29.224600+00:00,7,2,0.0,0.0,0.0,1.3,4.0,0.2,,,,0,0,1,0.49,0,0
452,Bruno G.,ARS,MID,7.0,d,75,Thigh injury - 75% chance of playing,2026-08-20T17:00:08.846118+00:00,2456,154,0.0,5.59,4.96,202.9,251.0,5.5,4,,5,27,6,37,31.99,0,0
453,Barnes,NEW,MID,6.0,a,,,,1951,106,0.0,6.84,2.72,147.0,100.0,1.1,,,,19,5,31,30.3,0,0
454,Elanga,NEW,MID,6.0,a,,,,1302,48,0.0,1.65,1.74,57.8,55.0,0.7,,,4,14,2,28,21.11,0,0
455,Tonali,TOT,MID,5.5,a,,,,2534,81,0.0,1.75,2.87,113.4,257.0,4.2,,4,2,31,7,38,36.19,0,0
456,J.Ramsey,NEW,MID,5.0,a,,,,1441,62,0.0,1.2,1.45,79.9,149.0,0.4,,,,15,1,31,27.24,0,0
457,J.Murphy,NEW,MID,6.0,a,,,,1606,82,0.0,3.07,2.66,106.0,90.0,0.2,,,2,19,8,20,24.35,0,0
458,Joelinton,NEW,MID,5.5,i,0,Unspecified injury - Unknown return date,2026-08-16T08:00:08.074045+00:00,1950,73,0.0,2.36,1.35,95.0,238.0,0.0,,,,23,5,27,28.75,0,0
459,L.Miley,NEW,MID,5.5,a,100,,2026-07-23T12:01:23.785456+00:00,1493,72,0.0,1.36,2.1,73.0,155.0,0.0,,,3,15,2,22,21.22,0,0
460,Willock,NEW,MID,5.0,a,,,,972,38,0.0,1.26,1.07,55.5,89.0,0.1,,,,10,3,18,17.83,0,0
461,Touré,NEW,MID,6.0,a,,,,0,0,0.0,0.0,0.0,0.0,0.0,0.3,,,,0,0,0,0.0,0,0
462,Steur,NEW,MID,5.0,a,,,,0,0,0.0,0.0,0.0,0.0,0.0,0.1,,,,0,0,0,0.0,0,0
463,Woltemade,NEW,FWD,6.0,a,,,,1896,108,0.0,6.59,1.53,117.5,105.0,1.7,1,,,24,8,29,25.67,0,0
464,Wissa,NEW,FWD,6.0,a,,,,517,27,0.0,3.13,0.54,25.5,22.0,1.6,3,,,4,1,11,9.97,0,0
465,Osula,NEW,FWD,6.0,a,,,,805,76,0.0,4.28,0.62,62.2,31.0,1.0,2,,,8,2,14,14.48,0,0
466,Neave,NEW,FWD,4.5,a,,,,13,1,0.0,0.03,0.0,0.5,0.0,0.7,,,,0,0,1,0.37,0,0
467,Sels,NFO,GKP,5.0,a,,,,2667,105,0.0,0.0,0.06,74.0,0.0,1.6,,,,30,7,39,45.12,95,0
468,John,NFO,GKP,4.5,a,,,,437,11,0.0,0.0,0.0,5.7,0.0,0.1,,,,5,1,8,6.13,6,0
469,N.Williams,NFO,DEF,5.0,a,,,,3203,128,0.0,2.01,3.97,175.6,247.0,10.4,,2,1,36,9,48,51.36,0,0
470,Morato,NFO,DEF,5.0,a,,,,1340,53,0.0,1.32,0.15,50.5,144.0,0.0,,,,14,2,23,24.34,0,0
471,Milenković,NFO,DEF,5.5,a,,,,3375,119,0.0,0.83,0.68,86.9,311.0,2.0,,,,37,9,51,54.98,0,0
472,Murillo,NFO,DEF,5.5,a,100,,2026-07-23T12:01:23.801183+00:00,2130,83,0.0,0.73,0.47,74.0,223.0,1.5,,3,,25,6,29,32.99,0,0
473,Aina,NFO,DEF,4.5,a,,,,1587,67,0.0,0.41,0.84,50.5,130.0,3.7,,,,18,6,19,25.31,0,0
474,Jair Cunha,NFO,DEF,4.5,a,,,,514,13,0.0,0.27,0.06,14.2,47.0,0.2,,,,6,0,7,10.35,0,0
475,Savona,NFO,DEF,4.5,i,0,Knee injury - Unknown return date,2026-07-23T12:01:23.816304+00:00,1025,39,0.0,1.34,0.45,43.5,57.0,0.0,,,,11,3,18,15.04,0,0
476,O.Richards,NFO,DEF,4.0,a,,,,0,0,0.0,0.0,0.0,0.0,0.0,0.2,,,,0,0,0,0.0,0,0
477,Abbott,NFO,DEF,4.0,a,,,,165,3,0.0,0.0,0.01,3.2,13.0,0.3,,,,2,0,4,3.47,0,0
478,Netz,NFO,DEF,4.5,a,,,,353,11,0.0,0.0,0.41,10.4,27.0,0.0,,,,3,0,5,7.87,0,0
479,Bindon,NFO,DEF,4.0,a,,,,0,0,0.0,0.0,0.0,0.0,0.0,0.2,,,,0,0,0,0.0,0,0
480,Gibbs-White,NFO,MID,8.0,a,,,,3101,188,0.0,10.81,2.91,242.5,178.0,11.8,2,1,,35,10,45,49.7,0,0
481,Anderson,MCI,MID,6.5,a,,,,3332,180,0.0,2.94,4.79,219.0,515.0,8.2,,,2,37,10,50,53.65,0,0
482,Hudson-Odoi,NFO,MID,6.0,a,100,,2026-07-23T12:01:23.832709+00:00,1838,88,0.0,2.77,3.02,130.6,106.0,0.3,,4,,21,6,26,30.88,0,0
483,Ndoye,NFO,MID,5.5,a,,,,1167,50,0.0,1.05,1.51,56.6,96.0,0.5,,,,14,2,17,15.96,0,0
484,Hutchinson,NFO,MID,5.5,a,,,,1676,82,0.0,2.01,3.87,121.6,129.0,0.2,,,4,17,6,24,24.42,0,0
485,Bakwa,NFO,MID,5.5,a,,,,549,26,0.0,0.54,1.01,35.6,35.0,0.0,,,,6,2,10,10.94,0,0
486,McAtee,NFO,MID,5.5,a,,,,288,17,0.0,0.18,0.37,17.3,32.0,0.0,,,3,2,0,9,7.34,0,0
487,Dominguez,NFO,MID,5.0,a,,,,1168,48,0.0,1.47,0.77,59.7,143.0,0.1,,,,17,3,20,23.21,0,0
488,I.Sangaré,NFO,MID,5.0,a,,,,2073,89,0.0,1.16,1.8,76.8,267.0,1.2,,,,25,8,26,33.17,0,0
489,Yates,NFO,MID,4.5,i,0,Unspecified injury - Unknown return date,2026-08-17T20:30:08.195072+00:00,602,30,0.0,0.49,0.37,27.2,69.0,2.5,,,,2,0,7,8.56,0,0
490,Wood,NFO,FWD,6.0,a,,,,896,41,0.0,4.29,0.32,48.0,29.0,1.8,1,,,11,2,14,14.44,0,0
491,Igor Jesus,NFO,FWD,6.0,a,,,,2293,114,0.0,6.48,1.26,136.4,123.0,4.5,3,,,28,9,37,38.77,0,0
492,Awoniyi,COV,FWD,5.5,a,,,,480,43,0.0,3.68,0.77,48.4,26.0,0.8,5,,,3,1,4,10.35,0,0
493,Kalimuendo,NFO,FWD,5.5,a,,,,89,9,0.0,0.44,0.02,6.3,6.0,0.0,,,,0,0,3,1.57,0,0
494,Vicario,TOT,GKP,4.5,u,0,Has joined Juventus on loan for the rest of the season,2026-08-19T13:55:33.193962+00:00,2790,90,0.0,0.0,0.04,72.2,0.0,0.5,,,,31,7,50,46.21,83,0
495,Austin,TOT,GKP,4.0,a,,,,0,0,0.0,0.0,0.0,0.0,0.0,0.8,,,,0,0,0,0.0,0,0
496,Kinsky,TOT,GKP,4.5,a,,,,630,20,0.0,0.0,0.0,10.3,0.0,23.9,,,,7,2,7,5.55,10,0
497,Dubravka,TOT,GKP,4.0,a,,,,3150,96,0.0,0.0,0.04,97.9,0.0,20.3,,,,35,4,71,71.26,127,0
498,Senesi,TOT,DEF,6.0,a,,,,3288,175,0.0,1.53,4.72,168.6,419.0,8.3,,,,37,11,53,54.77,0,0
499,Pedro Porro,TOT,DEF,5.5,a,,,,2793,117,0.0,1.05,4.37,177.5,218.0,22.4,,1,1,32,9,40,37.75,0,0
500,Romero,TOT,DEF,5.0,u,0,Has joined Atletico Madrid permanently,2026-08-17T13:49:05.465401+00:00,1869,91,0.0,1.39,1.25,93.2,197.0,0.3,,,,22,5,33,28.32,0,0
501,Danso,TOT,DEF,5.0,a,,,,1489,63,0.0,0.62,0.28,55.5,192.0,0.2,,,,17,4,25,20.15,0,0
502,Robertson,TOT,DEF,4.5,a,,,,1165,55,0.0,1.1,1.4,68.2,55.0,3.6,,,3,11,4,16,17.44,0,0
503,Van de Ven,TOT,DEF,5.0,a,,,,3041,116,0.0,2.82,0.38,99.6,212.0,7.2,,,,35,9,50,42.99,0,0
504,Vuskovic,BHA,DEF,5.0,a,,,,0,0,0.0,0.0,0.0,0.0,0.0,2.6,,,,0,0,0,0.0,0,0
505,Spence,TOT,DEF,4.5,u,0,Has joined Internazionale permanently,2026-08-18T14:13:08.454214+00:00,2049,78,0.0,0.9,1.77,70.5,116.0,1.3,,,,23,9,31,31.42,0,0
506,Udogie,TOT,DEF,4.5,a,,,,1335,29,0.0,0.18,0.72,49.8,68.0,0.5,,,,14,1,25,19.15,0,0
507,Phillips,TOT,DEF,4.5,u,0,Has joined Middlesbrough permanently,2026-08-18T14:13:08.474144+00:00,0,0,0.0,0.0,0.0,0.0,0.0,0.0,,,,0,0,0,0.0,0,0
508,Davies,TOT,DEF,4.0,a,,,,136,10,0.0,0.49,0.07,14.2,14.0,1.1,,,,2,0,3,1.11,0,0
509,Byfield,TOT,DEF,4.0,a,,,,1,1,0.0,0.0,0.0,0.1,0.0,0.1,,,,0,0,0,0.0,0,0
510,Rowswell,TOT,DEF,4.0,a,,,,1,1,0.0,0.0,0.0,0.0,0.0,0.1,,,,0,0,0,0.36,0,0
511,Souza,TOT,DEF,4.0,a,,,,142,3,0.0,0.02,0.03,6.2,6.0,0.3,,,,2,0,3,2.61,0,0
512,Kudus,TOT,MID,6.5,d,75,Thigh injury - 75% chance of playing,2026-07-23T12:01:23.848657+00:00,1535,75,0.0,1.92,2.41,104.7,133.0,0.1,2,3,5,19,7,20,22.74,0,0
513,Xavi,TOT,MID,6.0,i,0,Knee injury - Unknown return date,2026-07-23T12:01:23.864304+00:00,1747,80,0.0,3.06,3.85,113.9,149.0,0.0,3,2,6,19,4,36,30.71,0,0
514,Tel,TOT,MID,6.0,a,,,,1334,78,0.0,2.47,2.43,107.6,111.0,0.6,,,4,13,3,23,17.29,0,0
515,Maddison,TOT,MID,6.5,a,,,,34,3,0.0,0.21,0.06,2.8,5.0,1.4,,,,0,0,0,0.65,0,0
516,Bentancur,TOT,MID,5.5,a,,,,1880,86,0.0,0.72,0.84,67.4,278.0,0.2,,,,23,8,25,23.65,0,0
517,Odobert,TOT,MID,5.5,i,0,Knee injury - Unknown return date,2026-07-23T12:01:23.879434+00:00,972,46,0.0,1.92,1.21,67.6,77.0,0.0,,,,10,2,13,14.24,0,0
518,P.M.Sarr,TOT,MID,5.0,a,,,,1388,71,0.0,1.63,1.11,68.2,183.0,0.4,,,,13,3,23,26.67,0,0
519,Gallagher,TOT,MID,5.5,a,,,,1183,44,0.0,1.23,0.7,55.1,124.0,0.3,,,,14,2,23,19.03,0,0
520,Bergvall,TOT,MID,5.5,a,,,,955,49,0.0,1.23,0.43,41.5,79.0,0.2,,,,11,3,18,13.66,0,0
521,Kulusevski,TOT,MID,6.5,i,0,Knee injury - Unknown return date,2026-07-23T12:01:23.895175+00:00,0,0,0.0,0.0,0.0,0.0,0.0,0.0,,,,0,0,0,0.0,0,0
522,Gray,TOT,MID,5.0,a,,,,1471,61,0.0,1.5,1.29,55.5,132.0,0.2,,,,18,5,28,24.8,0,0
523,Moore,TOT,MID,5.0,a,,,,0,0,0.0,0.0,0.0,0.0,0.0,0.2,,,,0,0,0,0.0,0,0
524,Olusesi,TOT,MID,4.5,a,,,,14,1,0.0,0.0,0.01,0.2,2.0,0.9,,,,0,0,0,0.75,0,0
525,Fernandes,TOT,MID,6.0,a,,,,3017,135,0.0,1.99,2.96,146.3,369.0,2.0,,,,35,8,50,48.3,0,0
526,Solanke,TOT,FWD,6.0,a,,,,997,40,0.0,2.97,0.34,62.7,71.0,1.5,1,,,11,0,21,17.8,0,0
527,Richarlison,TOT,FWD,6.0,a,,,,1954,119,0.0,8.64,1.46,165.2,147.0,3.1,4,,,20,7,27,25.64,0,0
528,Scarlett,TOT,FWD,4.5,a,,,,7,2,0.0,0.0,0.01,0.7,1.0,1.7,,,,0,0,0,0.03,0,0
529,Roefs,SUN,GKP,5.0,a,,,,3150,136,0.0,0.0,0.1,93.1,0.0,4.5,,,,35,10,46,50.05,109,0
530,Patterson,SUN,GKP,4.0,u,0,Has joined Wrexham permanently,2026-08-12T14:08:03.064533+00:00,0,0,0.0,0.0,0.0,0.0,0.0,0.2,,,,0,0,0,0.0,0,0
531,Ellborg,SUN,GKP,4.5,a,,,,270,16,0.0,0.0,0.02,7.4,0.0,0.1,,,,3,1,2,4.1,10,0
532,Ballard,SUN,DEF,5.0,a,,,,2144,116,0.0,2.46,0.63,121.5,264.0,5.5,,,,24,6,35,33.2,0,0
533,Mukiele,SUN,DEF,5.5,a,100,,2026-08-09T08:30:05.954750+00:00,2784,151,0.0,1.62,2.65,132.9,273.0,2.6,,,,32,9,40,44.71,0,0
534,Hume,SUN,DEF,4.5,a,,,,3032,110,0.0,2.27,2.05,120.9,203.0,6.8,,,3,34,9,42,47.27,0,0
535,Alderete,SUN,DEF,5.0,a,100,,2026-08-09T08:30:05.962393+00:00,2797,125,0.0,1.62,0.91,117.0,312.0,0.4,,,,32,10,40,44.52,0,0
536,Reinildo,SUN,DEF,4.5,a,,,,1966,74,0.0,0.13,0.62,54.7,164.0,0.5,,,,23,6,27,26.72,0,0
537,Seelt,SUN,DEF,4.5,a,,,,133,2,0.0,0.0,0.01,3.6,12.0,0.0,,,,1,0,2,1.33,0,0
538,Hjelde,SUN,DEF,4.0,u,0,Has joined KV Mechelen on loan for the rest of the season,2026-08-12T14:08:03.081789+00:00,0,0,0.0,0.0,0.0,0.0,0.0,0.1,,,,0,0,0,0.0,0,0
539,O'Nien,SUN,DEF,4.0,a,,,,565,26,0.0,0.15,0.13,17.1,43.0,3.6,,,,5,2,7,9.24,0,0
540,Masuaku,SUN,DEF,4.0,u,0,Has joined Konyaspor permanently,2026-08-12T14:08:03.097784+00:00,125,1,0.0,0.07,0.08,4.9,10.0,0.3,,,,2,0,2,2.09,0,0
541,Meunier,SUN,DEF,4.5,a,100,,2026-08-16T08:30:07.830062+00:00,0,0,0.0,0.0,0.0,0.0,0.0,0.3,,,,0,0,0,0.0,0,0
542,E.Le Fée,SUN,MID,6.0,a,,,,2930,147,0.0,5.22,5.95,186.9,319.0,10.8,2,2,1,33,10,43,46.5,0,0
543,Diarra,SUN,MID,5.5,a,,,,1403,65,0.0,3.27,0.85,53.9,79.0,0.1,1,,,15,5,19,21.52,0,0
544,Xhaka,SUN,MID,5.5,a,,,,2901,124,0.0,1.01,3.73,138.1,362.0,4.5,,1,2,32,9,39,45.68,0,0
545,Sadiki,SUN,MID,5.0,a,,,,2891,80,0.0,1.43,1.46,84.6,248.0,0.4,,,,33,9,42,41.39,0,0
546,Adingra,SUN,MID,5.0,i,0,Ankle injury - Unknown return date,2026-08-20T14:00:08.416985+00:00,649,34,0.0,0.35,0.62,27.0,45.0,0.1,,,,9,4,8,11.3,0,0
547,Mundle,SUN,MID,5.0,a,,,,399,14,0.0,0.87,0.48,12.7,33.0,0.0,,,,2,0,11,8.54,0,0
548,Rigg,SUN,MID,5.0,a,,,,758,36,0.0,0.86,0.93,36.0,57.0,0.1,,,,11,3,11,12.46,0,0
549,Talbi,SUN,MID,5.5,a,,,,1553,83,0.0,2.13,1.18,69.1,92.0,0.2,,,,16,7,14,22.26,0,0
550,Jocelin.T,SUN,MID,5.0,a,,,,38,1,0.0,0.0,0.04,1.0,3.0,0.0,,,,1,0,0,0.24,0,0
551,Angulo,SUN,MID,5.0,a,,,,401,13,0.0,0.77,0.12,17.8,35.0,0.1,,,,5,1,6,7.26,0,0
552,Brobbey,SUN,FWD,6.0,a,,,,1920,92,0.0,6.02,0.67,106.7,74.0,14.4,,,,22,6,30,31.4,0,0
553,Isidor,SUN,FWD,5.5,a,,,,1148,74,0.0,4.7,0.38,71.5,51.0,1.0,,,,11,4,17,19.82,0,0
554,Van Oevelen,IPS,GKP,4.5,a,,,,0,0,0.0,0.0,0.0,0.0,0.0,0.0,,,,0,0,0,0.0,0,0
555,Matthews,CRY,GKP,4.0,a,,,,0,0,0.0,0.0,0.0,0.0,0.0,1.7,,,,0,0,0,0.0,0,0
556,Targett,HUL,DEF,4.0,a,,,,0,0,0.0,0.0,0.0,0.0,0.0,2.5,,,,0,0,0,0.0,0,0
557,Tzolis,ARS,MID,6.5,a,,,,0,0,0.0,0.0,0.0,0.0,0.0,23.3,,,3,0,0,0,0.0,0,0
558,Schlager,NFO,MID,5.0,a,,,,0,0,0.0,0.0,0.0,0.0,0.0,0.1,,,2,0,0,0,0.0,0,0
559,Bamba,NEW,MID,5.0,a,,,,0,0,0.0,0.0,0.0,0.0,0.0,0.1,,,,0,0,0,0.0,0,0
560,Penders,CHE,GKP,4.5,a,,,,0,0,0.0,0.0,0.0,0.0,0.0,0.1,,,,0,0,0,0.0,0,0
561,Anselmino,CHE,DEF,4.5,a,,,,0,0,0.0,0.0,0.0,0.0,0.0,0.0,,,,0,0,0,0.0,0,0
562,Maeda,IPS,MID,5.5,a,,,,0,0,0.0,0.0,0.0,0.0,0.0,0.4,,,,0,0,0,0.0,0,0
563,Morita,HUL,MID,5.0,d,50,Calf injury - 50% chance of playing,2026-08-15T16:00:07.961518+00:00,0,0,0.0,0.0,0.0,0.0,0.0,0.0,,,,0,0,0,0.0,0,0
564,Scherpen,IPS,GKP,4.5,a,,,,0,0,0.0,0.0,0.0,0.0,0.0,0.6,,,,0,0,0,0.0,0,0
565,M.Sangaré,BRE,MID,5.5,a,,,,0,0,0.0,0.0,0.0,0.0,0.0,3.3,,,,0,0,0,0.0,0,0
566,Silva,BOU,DEF,5.0,a,,,,0,0,0.0,0.0,0.0,0.0,0.0,0.3,,,,0,0,0,0.0,0,0
567,Horníček,NEW,GKP,5.0,a,,,,0,0,0.0,0.0,0.0,0.0,0.0,0.6,,,,0,0,0,0.0,0,0
568,Barco,CHE,MID,5.5,a,,,,0,0,0.0,0.0,0.0,0.0,0.0,0.1,,,,0,0,0,0.0,0,0
569,Gonzalo,FUL,FWD,6.0,a,,,,0,0,0.0,0.0,0.0,0.0,0.0,2.0,1,,,0,0,0,0.0,0,0
570,Palacios,FUL,MID,5.5,a,,,,0,0,0.0,0.0,0.0,0.0,0.0,0.2,,,,0,0,0,0.0,0,0
571,Florentino,IPS,MID,5.0,a,,,,0,0,0.0,0.0,0.0,0.0,0.0,0.1,,,,0,0,0,0.0,0,0
572,Tzolakis,HUL,GKP,4.5,a,,,,0,0,0.0,0.0,0.0,0.0,0.0,0.5,,,,0,0,0,0.0,0,0
573,Sanchez,BOU,DEF,4.5,a,,,,0,0,0.0,0.0,0.0,0.0,0.0,0.2,,,,0,0,0,0.0,0,0
574,Hjertø-Dahl,HUL,MID,5.0,a,,,,0,0,0.0,0.0,0.0,0.0,0.0,0.1,,,,0,0,0,0.0,0,0
575,Yirenkyi,COV,MID,5.0,a,,,,0,0,0.0,0.0,0.0,0.0,0.0,0.3,,,,0,0,0,0.0,0,0
576,Stroud,HUL,MID,5.0,a,,,,0,0,0.0,0.0,0.0,0.0,0.0,0.1,,,,0,0,0,0.0,0,0
577,Tomiyasu,CRY,DEF,4.5,a,,,,0,0,0.0,0.0,0.0,0.0,0.0,0.3,,,,0,0,0,0.0,0,0
578,Mudryk,CHE,MID,5.5,a,,,,0,0,0.0,0.0,0.0,0.0,0.0,0.0,,,,0,0,0,0.0,0,0
579,Araujo,LIV,DEF,5.5,a,,,,0,0,0.0,0.0,0.0,0.0,0.0,2.2,,,,0,0,0,0.0,0,0
580,Charles,FUL,MID,5.0,a,,,,0,0,0.0,0.0,0.0,0.0,0.0,0.1,,,,0,0,0,0.0,0,0
581,Diomande,NFO,DEF,5.5,a,,,,0,0,0.0,0.0,0.0,0.0,0.0,0.7,,,,0,0,0,0.0,0,0
582,Madjo,AVL,FWD,5.5,i,0,Unspecified injury - Unknown return date,2026-08-15T16:00:07.974271+00:00,0,0,0.0,0.0,0.0,0.0,0.0,0.6,,,,0,0,0,0.0,0,0
583,Chavarria,CHE,DEF,5.0,a,,,,0,0,0.0,0.0,0.0,0.0,0.0,0.2,,,,0,0,0,0.0,0,0
584,Hamer,COV,MID,5.5,a,,,,0,0,0.0,0.0,0.0,0.0,0.0,0.1,,,,0,0,0,0.0,0,0
585,Herrington,HUL,DEF,4.0,a,,,,0,0,0.0,0.0,0.0,0.0,0.0,0.6,,,,0,0,0,0.0,0,0
586,Mendy,HUL,DEF,4.0,a,,,,0,0,0.0,0.0,0.0,0.0,0.0,1.0,,,,0,0,0,0.0,0,0
587,Rulli,MCI,GKP,5.0,a,,,,0,0,0.0,0.0,0.0,0.0,0.0,0.0,,,,0,0,0,0.0,0,0
588,Khalaili,CRY,DEF,5.0,a,,,,0,0,0.0,0.0,0.0,0.0,0.0,0.1,,,,0,0,0,0.0,0,0
589,Gourna-Douath,HUL,MID,5.0,a,,,,0,0,0.0,0.0,0.0,0.0,0.0,0.0,,,,0,0,0,0.0,0,0
590,Benda,NFO,GKP,4.5,a,,,,0,0,0.0,0.0,0.0,0.0,0.0,0.1,,,,0,0,0,0.0,0,0
591,Enciso,IPS,MID,5.5,a,,,,0,0,0.0,0.0,0.0,0.0,0.0,0.3,,,,0,0,0,0.0,0,0
592,Ouattara,IPS,DEF,4.0,a,,,,0,0,0.0,0.0,0.0,0.0,0.0,0.8,,,,0,0,0,0.0,0,0
593,Dedić,NEW,DEF,4.5,a,,,,0,0,0.0,0.0,0.0,0.0,0.0,0.2,,,,0,0,0,0.0,0,0
594,David,BHA,FWD,6.0,a,,,,0,0,0.0,0.0,0.0,0.0,0.0,0.2,3,,,0,0,0,0.0,0,0
595,Gozo,CRY,MID,5.0,a,,,,0,0,0.0,0.0,0.0,0.0,0.0,0.0,,,,0,0,0,0.0,0,0
596,Ruggeri,AVL,DEF,4.5,a,,,,0,0,0.0,0.0,0.0,0.0,0.0,0.1,,,,0,0,0,0.0,0,0
597,Suzuki,AVL,GKP,5.0,a,,,,0,0,0.0,0.0,0.0,0.0,0.0,0.5,,,,0,0,0,0.0,0,0
598,Elvedi,LEE,DEF,4.5,a,,,,0,0,0.0,0.0,0.0,0.0,0.0,0.0,,,,0,0,0,0.0,0,0
599,Cherif,COV,FWD,5.0,a,,,,0,0,0.0,0.0,0.0,0.0,0.0,0.1,,,,0,0,0,0.0,0,0
600,Osman,BHA,MID,5.0,a,,,,0,0,0.0,0.0,0.0,0.0,0.0,0.0,,,,0,0,0,0.0,0,0
